Tx_ind,Tx,Rx,f,d,dx,dy,nw,PL
1,Tx1,Copa,26.5,6.59,6.3,1.94,0.5,112.1982
1,Tx1,Lab 1,26.5,11.76,11.6,1.93,0.5,115.7627
1,Tx1,Lab 11a,26.5,9.04,8.9,1.6,0.75,122.5733
1,Tx1,Lab 3,26.5,4.25,3.6,2.25,0.25,104.3808
1,Tx1,Lab 4,26.5,3.5,2.7,2.22,0.25,100.786
1,Tx1,Lab 5,26.5,4,4,0.01,0.25,81.9267
1,Tx1,Lab 7,26.5,4.83,4.35,2.1,0.25,91.5933
1,Tx1,Lab 9,26.5,5.78,5.3,2.3,0.75,116.58
1,Tx1,Sala,26.5,11.57,2,11.4,0.75,113.2005
2,Tx2,Lab 25,26.5,3.99,3.58,1.76,0.25,89.4339
2,Tx2,Lab 26,26.5,5.21,4.27,2.98,0.25,102.9775
2,Tx2,Lab 26a,26.5,8.43,7.55,3.74,0.75,120.1363
2,Tx2,Lab 26a,26.5,8.43,7.55,3.74,0.75,125.2542
2,Tx2,Lab 27,26.5,6.71,5.87,3.25,0.5,102.9924
2,Tx2,Lobby,26.5,10.46,10.3,1.8,0.5,93.5282
3,Tx3,Lab 11b,26.5,12.48,12.3,2.09,0.75,131.6461
3,Tx3,Lab 13,26.5,9.68,9.3,2.69,0.5,114.0564
3,Tx3,Lab 16a,26.5,2.57,0,2.57,0.25,95.1069
3,Tx3,Lab 16b,26.5,7.36,6.9,2.57,0.5,112.1752
3,Tx3,Lab 17,26.5,5.95,5.3,2.7,0.25,105.7301
3,Tx3,Lab 19,26.5,5.14,4.5,2.48,0.5,108.3002
3,Tx3,Lab 21,26.5,3.8,2.68,2.7,0.5,96.7682
3,Tx3,Pasillo_Dep,26.5,11.03,10.8,2.25,0.5,120.0855
1,Tx1,Lab 7,26.5,4.83,4.35,2.1,0.25,91.9898
4,Tx4,Sala 1b,26.5,4.42,3.5,2.7,0.25,92.2679
4,Tx4,Sala 2,26.5,4.37,4.14,1.4,0.25,83.2539
4,Tx4,Sala 3,26.5,7.02,6.17,3.35,0.5,103.2138
4,Tx4,Sala 30a,26.5,7.91,7.5,2.5,0.75,119.8725
4,Tx4,Sala 30b,26.5,5.37,4.89,2.21,0.75,115.7939
4,Tx4,Sala 35,26.5,7.69,7.55,1.45,0.25,110.199
5,Tx5,Lab 10,26.5,3.35,2.17,2.55,0.25,100.9895
5,Tx5,Lab 11b,26.5,9.98,9.9,1.28,0.75,113.5061
5,Tx5,Lab 12,26.5,3.91,3.3,2.1,0.25,93.3649
4,Tx4,Sala 2,26.5,4.37,4.14,1.4,0.5,117.0176
5,Tx5,Lab 16b,26.5,6.39,4.01,4.97,0.25,101.696
5,Tx5,Lab 18,26.5,10.31,10.05,2.31,0.5,118.1767
5,Tx5,Lab 8,26.5,6.93,6.6,2.1,0.75,126.8019
6,Tx6,Lab 11a,26.5,12.5,12.5,0,0.75,122.3467
1,Tx1,Lab 5,26.5,4,4,0.01,0.25,78.6567
6,Tx6,Lab 9,26.5,8.9,8.9,0,0.75,118.6767
1,Tx1,Copa,27,6.59,6.3,1.94,0.5,114.5160606
1,Tx1,Lab 1,27,11.76,11.6,1.93,0.5,124.2514583
1,Tx1,Lab 11a,27,9.04,8.9,1.6,0.75,119.81
1,Tx1,Lab 3,27,4.25,3.6,2.25,0.25,105.0861458
1,Tx1,Lab 4,27,3.5,2.7,2.22,0.25,100.6949123
1,Tx1,Lab 5,27,4,4,0.01,0.25,81.12666667
1,Tx1,Lab 7,27,4.83,4.35,2.1,0.25,94.12
1,Tx1,Lab 9,27,5.78,5.3,2.3,0.75,124.96
1,Tx1,Sala,27,11.57,2,11.4,0.75,104.1026667
2,Tx2,Lab 25,27,3.99,3.58,1.76,0.25,87.61583333
2,Tx2,Lab 26,27,5.21,4.27,2.98,0.25,106.7725641
2,Tx2,Lab 26a,27,8.43,7.55,3.74,0.75,128.4378788
2,Tx2,Lab 26a,27,8.43,7.55,3.74,0.75,126.2215152
2,Tx2,Lab 27,27,6.71,5.87,3.25,0.5,109.8162745
2,Tx2,Lobby,27,10.46,10.3,1.8,0.5,95.70076923
3,Tx3,Lab 11b,27,12.48,12.3,2.09,0.75,131.4533333
3,Tx3,Lab 13,27,9.68,9.3,2.69,0.5,113.6080392
3,Tx3,Lab 16a,27,2.57,0,2.57,0.25,92.1554955
3,Tx3,Lab 16b,27,7.36,6.9,2.57,0.5,112.129697
3,Tx3,Lab 17,27,5.95,5.3,2.7,0.25,96.51019048
3,Tx3,Lab 19,27,5.14,4.5,2.48,0.5,112.8117204
3,Tx3,Lab 21,27,3.8,2.68,2.7,0.5,95.39489583
3,Tx3,Pasillo_Dep,27,11.03,10.8,2.25,0.5,117.5618627
1,Tx1,Lab 7,27,4.83,4.35,2.1,0.25,92.79864583
4,Tx4,Sala 1b,27,4.42,3.5,2.7,0.25,93.27225225
4,Tx4,Sala 2,27,4.37,4.14,1.4,0.25,83.33539216
4,Tx4,Sala 3,27,7.02,6.17,3.35,0.5,104.7971569
4,Tx4,Sala 30a,27,7.91,7.5,2.5,0.75,126.1879675
4,Tx4,Sala 30b,27,5.37,4.89,2.21,0.75,121.2364583
4,Tx4,Sala 35,27,7.69,7.55,1.45,0.25,93.38428571
5,Tx5,Lab 10,27,3.35,2.17,2.55,0.25,101.3773958
5,Tx5,Lab 11b,27,9.98,9.9,1.28,0.75,110.7955208
5,Tx5,Lab 12,27,3.91,3.3,2.1,0.25,92.54927083
4,Tx4,Sala 2,27,4.37,4.14,1.4,0.5,116.9245455
5,Tx5,Lab 16b,27,6.39,4.01,4.97,0.25,99.506
5,Tx5,Lab 18,27,10.31,10.05,2.31,0.5,128.4206061
5,Tx5,Lab 8,27,6.93,6.6,2.1,0.75,130.7262745
6,Tx6,Lab 11a,27,12.5,12.5,0,0.75,121.2933333
1,Tx1,Lab 5,27,4,4,0.01,0.25,79.61666667
6,Tx6,Lab 9,27,8.9,8.9,0,0.75,127.6233333
1,Tx1,Copa,27.5,6.59,6.3,1.94,0.5,124.6102778
1,Tx1,Lab 1,27.5,11.76,11.6,1.93,0.5,122.3192708
1,Tx1,Lab 11a,27.5,9.04,8.9,1.6,0.75,130.4533333
1,Tx1,Lab 3,27.5,4.25,3.6,2.25,0.25,104.5339394
1,Tx1,Lab 4,27.5,3.5,2.7,2.22,0.25,103.5888172
1,Tx1,Lab 5,27.5,4,4,0.01,0.25,83.67333333
1,Tx1,Lab 7,27.5,4.83,4.35,2.1,0.25,98.39333333
1,Tx1,Lab 9,27.5,5.78,5.3,2.3,0.75,125.52
1,Tx1,Sala,27.5,11.57,2,11.4,0.75,113.1270833
2,Tx2,Lab 25,27.5,3.99,3.58,1.76,0.25,97.26833333
2,Tx2,Lab 26,27.5,5.21,4.27,2.98,0.25,108.9024762
2,Tx2,Lab 26a,27.5,8.43,7.55,3.74,0.75,123.829
2,Tx2,Lab 26a,27.5,8.43,7.55,3.74,0.75,132.5342424
2,Tx2,Lab 27,27.5,6.71,5.87,3.25,0.5,113.9688889
2,Tx2,Lobby,27.5,10.46,10.3,1.8,0.5,100.410303
3,Tx3,Lab 11b,27.5,12.48,12.3,2.09,0.75,133.3875269
3,Tx3,Lab 13,27.5,9.68,9.3,2.69,0.5,125.3612121
3,Tx3,Lab 16a,27.5,2.57,0,2.57,0.25,91.54104762
3,Tx3,Lab 16b,27.5,7.36,6.9,2.57,0.5,116.0215686
3,Tx3,Lab 17,27.5,5.95,5.3,2.7,0.25,101.2564583
3,Tx3,Lab 19,27.5,5.14,4.5,2.48,0.5,110.1092708
3,Tx3,Lab 21,27.5,3.8,2.68,2.7,0.5,95.98645833
3,Tx3,Pasillo_Dep,27.5,11.03,10.8,2.25,0.5,133.5974359
1,Tx1,Lab 7,27.5,4.83,4.35,2.1,0.25,96.37895833
4,Tx4,Sala 1b,27.5,4.42,3.5,2.7,0.25,96.20397849
4,Tx4,Sala 2,27.5,4.37,4.14,1.4,0.25,85.64494624
4,Tx4,Sala 3,27.5,7.02,6.17,3.35,0.5,109.7055914
4,Tx4,Sala 30a,27.5,7.91,7.5,2.5,0.75,134.1154955
4,Tx4,Sala 30b,27.5,5.37,4.89,2.21,0.75,127.7942708
4,Tx4,Sala 35,27.5,7.69,7.55,1.45,0.25,100.0611905
5,Tx5,Lab 10,27.5,3.35,2.17,2.55,0.25,100.1933333
5,Tx5,Lab 11b,27.5,9.98,9.9,1.28,0.75,112.7767708
5,Tx5,Lab 12,27.5,3.91,3.3,2.1,0.25,98.07020833
4,Tx4,Sala 2,27.5,4.37,4.14,1.4,0.5,122.4563636
5,Tx5,Lab 16b,27.5,6.39,4.01,4.97,0.25,99.50424242
5,Tx5,Lab 18,27.5,10.31,10.05,2.31,0.5,117.848
5,Tx5,Lab 8,27.5,6.93,6.6,2.1,0.75,132.3813333
6,Tx6,Lab 11a,27.5,12.5,12.5,0,0.75,123.0766667
1,Tx1,Lab 5,27.5,4,4,0.01,0.25,82.20333333
6,Tx6,Lab 9,27.5,8.9,8.9,0,0.75,134.34
1,Tx1,Copa,28,6.59,6.3,1.94,0.5,130.8137255
1,Tx1,Lab 1,28,11.76,11.6,1.93,0.5,119.7208974
1,Tx1,Lab 11a,28,9.04,8.9,1.6,0.75,127.3166667
1,Tx1,Lab 3,28,4.25,3.6,2.25,0.25,110.8560417
1,Tx1,Lab 4,28,3.5,2.7,2.22,0.25,98.20344086
1,Tx1,Lab 5,28,4,4,0.01,0.25,82.77666667
1,Tx1,Lab 7,28,4.83,4.35,2.1,0.25,99.58666667
1,Tx1,Lab 9,28,5.78,5.3,2.3,0.75,119.5166667
1,Tx1,Sala,28,11.57,2,11.4,0.75,111.6020513
2,Tx2,Lab 25,28,3.99,3.58,1.76,0.25,98.17885417
2,Tx2,Lab 26,28,5.21,4.27,2.98,0.25,98.82693694
2,Tx2,Lab 26a,28,8.43,7.55,3.74,0.75,124.0690909
2,Tx2,Lab 26a,28,8.43,7.55,3.74,0.75,131.9507292
2,Tx2,Lab 27,28,6.71,5.87,3.25,0.5,116.1812121
2,Tx2,Lobby,28,10.46,10.3,1.8,0.5,100.2612381
3,Tx3,Lab 11b,28,12.48,12.3,2.09,0.75,133.8895238
3,Tx3,Lab 13,28,9.68,9.3,2.69,0.5,120.2041026
3,Tx3,Lab 16a,28,2.57,0,2.57,0.25,94.25111111
3,Tx3,Lab 16b,28,7.36,6.9,2.57,0.5,121.7751961
3,Tx3,Lab 17,28,5.95,5.3,2.7,0.25,99.94931373
3,Tx3,Lab 19,28,5.14,4.5,2.48,0.5,105.2366667
3,Tx3,Lab 21,28,3.8,2.68,2.7,0.5,96.18151515
3,Tx3,Pasillo_Dep,28,11.03,10.8,2.25,0.5,117.3552778
1,Tx1,Lab 7,28,4.83,4.35,2.1,0.25,94.99130952
4,Tx4,Sala 1b,28,4.42,3.5,2.7,0.25,94.67460784
4,Tx4,Sala 2,28,4.37,4.14,1.4,0.25,85.28510417
4,Tx4,Sala 3,28,7.02,6.17,3.35,0.5,109.8360417
4,Tx4,Sala 30a,28,7.91,7.5,2.5,0.75,133.6179825
4,Tx4,Sala 30b,28,5.37,4.89,2.21,0.75,128.2351042
4,Tx4,Sala 35,28,7.69,7.55,1.45,0.25,103.2916667
5,Tx5,Lab 10,28,3.35,2.17,2.55,0.25,99.10380952
5,Tx5,Lab 11b,28,9.98,9.9,1.28,0.75,115.3472549
5,Tx5,Lab 12,28,3.91,3.3,2.1,0.25,96.08541667
4,Tx4,Sala 2,28,4.37,4.14,1.4,0.5,121.1646078
5,Tx5,Lab 16b,28,6.39,4.01,4.97,0.25,101.1293939
5,Tx5,Lab 18,28,10.31,10.05,2.31,0.5,121.8347917
5,Tx5,Lab 8,28,6.93,6.6,2.1,0.75,132.8166667
6,Tx6,Lab 11a,28,12.5,12.5,0,0.75,122.6566667
1,Tx1,Lab 5,28,4,4,0.01,0.25,78.05666667
6,Tx6,Lab 9,28,8.9,8.9,0,0.75,126.4833333
1,Tx1,Copa,28.5,6.59,6.3,1.94,0.5,117.7211765
1,Tx1,Lab 1,28.5,11.76,11.6,1.93,0.5,113.2603226
1,Tx1,Lab 11a,28.5,9.04,8.9,1.6,0.75,115.9966667
1,Tx1,Lab 3,28.5,4.25,3.6,2.25,0.25,108.5109677
1,Tx1,Lab 4,28.5,3.5,2.7,2.22,0.25,92.61354839
1,Tx1,Lab 5,28.5,4,4,0.01,0.25,76.55666667
1,Tx1,Lab 7,28.5,4.83,4.35,2.1,0.25,111.7533333
1,Tx1,Lab 9,28.5,5.78,5.3,2.3,0.75,120.6566667
1,Tx1,Sala,28.5,11.57,2,11.4,0.75,105.7634483
2,Tx2,Lab 25,28.5,3.99,3.58,1.76,0.25,89.2478125
2,Tx2,Lab 26,28.5,5.21,4.27,2.98,0.25,99.82
2,Tx2,Lab 26a,28.5,8.43,7.55,3.74,0.75,118.7141379
2,Tx2,Lab 26a,28.5,8.43,7.55,3.74,0.75,120.4854839
2,Tx2,Lab 27,28.5,6.71,5.87,3.25,0.5,102.2174286
2,Tx2,Lobby,28.5,10.46,10.3,1.8,0.5,91.84771429
3,Tx3,Lab 11b,28.5,12.48,12.3,2.09,0.75,125.3509091
3,Tx3,Lab 13,28.5,9.68,9.3,2.69,0.5,109.30625
3,Tx3,Lab 16a,28.5,2.57,0,2.57,0.25,81.41705882
3,Tx3,Lab 16b,28.5,7.36,6.9,2.57,0.5,102.4970588
3,Tx3,Lab 17,28.5,5.95,5.3,2.7,0.25,99.49742857
3,Tx3,Lab 19,28.5,5.14,4.5,2.48,0.5,102.5097143
3,Tx3,Lab 21,28.5,3.8,2.68,2.7,0.5,91.20375
3,Tx3,Pasillo_Dep,28.5,11.03,10.8,2.25,0.5,117.6842105
1,Tx1,Lab 7,28.5,4.83,4.35,2.1,0.25,87.71363636
4,Tx4,Sala 1b,28.5,4.42,3.5,2.7,0.25,87.5828125
4,Tx4,Sala 2,28.5,4.37,4.14,1.4,0.25,77.97575758
4,Tx4,Sala 3,28.5,7.02,6.17,3.35,0.5,100.0534375
4,Tx4,Sala 30a,28.5,7.91,7.5,2.5,0.75,122.0567647
4,Tx4,Sala 30b,28.5,5.37,4.89,2.21,0.75,118.53375
4,Tx4,Sala 35,28.5,7.69,7.55,1.45,0.25,89.186
5,Tx5,Lab 10,28.5,3.35,2.17,2.55,0.25,103.6072727
5,Tx5,Lab 11b,28.5,9.98,9.9,1.28,0.75,95.35242424
5,Tx5,Lab 12,28.5,3.91,3.3,2.1,0.25,89.61483871
4,Tx4,Sala 2,28.5,4.37,4.14,1.4,0.5,116.9375758
5,Tx5,Lab 16b,28.5,6.39,4.01,4.97,0.25,103.4477419
5,Tx5,Lab 18,28.5,10.31,10.05,2.31,0.5,112.3142424
5,Tx5,Lab 8,28.5,6.93,6.6,2.1,0.75,124.6671875
6,Tx6,Lab 11a,28.5,12.5,12.5,0,0.75,117.6666667
1,Tx1,Lab 5,28.5,4,4,0.01,0.25,71.09
6,Tx6,Lab 9,28.5,8.9,8.9,0,0.75,124.3833333
1,Tx1,Copa,29,6.59,6.3,1.94,0.5,123.5461111
1,Tx1,Lab 1,29,11.76,11.6,1.93,0.5,115.8653846
1,Tx1,Lab 11a,29,9.04,8.9,1.6,0.75,122.52
1,Tx1,Lab 3,29,4.25,3.6,2.25,0.25,106.2360215
1,Tx1,Lab 4,29,3.5,2.7,2.22,0.25,104.1031183
1,Tx1,Lab 5,29,4,4,0.01,0.25,84.24666667
1,Tx1,Lab 7,29,4.83,4.35,2.1,0.25,105.5366667
1,Tx1,Lab 9,29,5.78,5.3,2.3,0.75,115.3233333
1,Tx1,Sala,29,11.57,2,11.4,0.75,111.6806667
2,Tx2,Lab 25,29,3.99,3.58,1.76,0.25,94.10575758
2,Tx2,Lab 26,29,5.21,4.27,2.98,0.25,103.9225
2,Tx2,Lab 26a,29,8.43,7.55,3.74,0.75,121.0760215
2,Tx2,Lab 26a,29,8.43,7.55,3.74,0.75,127.2047799
2,Tx2,Lab 27,29,6.71,5.87,3.25,0.5,111.1539394
2,Tx2,Lobby,29,10.46,10.3,1.8,0.5,98.81104167
3,Tx3,Lab 11b,29,12.48,12.3,2.09,0.75,128.8005128
3,Tx3,Lab 13,29,9.68,9.3,2.69,0.5,108.4575238
3,Tx3,Lab 16a,29,2.57,0,2.57,0.25,88.18066667
3,Tx3,Lab 16b,29,7.36,6.9,2.57,0.5,110.3937255
3,Tx3,Lab 17,29,5.95,5.3,2.7,0.25,104.0481373
3,Tx3,Lab 19,29,5.14,4.5,2.48,0.5,105.7829167
3,Tx3,Lab 21,29,3.8,2.68,2.7,0.5,101.0984848
3,Tx3,Pasillo_Dep,29,11.03,10.8,2.25,0.5,117.5349524
1,Tx1,Lab 7,29,4.83,4.35,2.1,0.25,93.95575758
4,Tx4,Sala 1b,29,4.42,3.5,2.7,0.25,94.43572917
4,Tx4,Sala 2,29,4.37,4.14,1.4,0.25,84.10510417
4,Tx4,Sala 3,29,7.02,6.17,3.35,0.5,106.8454545
4,Tx4,Sala 30a,29,7.91,7.5,2.5,0.75,127.6170115
4,Tx4,Sala 30b,29,5.37,4.89,2.21,0.75,125.200303
4,Tx4,Sala 35,29,7.69,7.55,1.45,0.25,107.459
5,Tx5,Lab 10,29,3.35,2.17,2.55,0.25,100.09
5,Tx5,Lab 11b,29,9.98,9.9,1.28,0.75,102.6148485
5,Tx5,Lab 12,29,3.91,3.3,2.1,0.25,96.20380952
4,Tx4,Sala 2,29,4.37,4.14,1.4,0.5,124.7219608
5,Tx5,Lab 16b,29,6.39,4.01,4.97,0.25,104.7622917
5,Tx5,Lab 18,29,10.31,10.05,2.31,0.5,119.6432292
5,Tx5,Lab 8,29,6.93,6.6,2.1,0.75,125.1502151
6,Tx6,Lab 11a,29,12.5,12.5,0,0.75,122.59
1,Tx1,Lab 5,29,4,4,0.01,0.25,78.41666667
6,Tx6,Lab 9,29,8.9,8.9,0,0.75,130.13
1,Tx1,Copa,29.5,6.59,6.3,1.94,0.5,133.0957576
1,Tx1,Lab 1,29.5,11.76,11.6,1.93,0.5,134.2890909
1,Tx1,Lab 11a,29.5,9.04,8.9,1.6,0.75,128.7366667
1,Tx1,Lab 3,29.5,4.25,3.6,2.25,0.25,107.8263542
1,Tx1,Lab 4,29.5,3.5,2.7,2.22,0.25,102.322
1,Tx1,Lab 5,29.5,4,4,0.01,0.25,89.30666667
1,Tx1,Lab 7,29.5,4.83,4.35,2.1,0.25,106.7933333
1,Tx1,Lab 9,29.5,5.78,5.3,2.3,0.75,127.9566667
1,Tx1,Sala,29.5,11.57,2,11.4,0.75,114.1738095
2,Tx2,Lab 25,29.5,3.99,3.58,1.76,0.25,96.69393939
2,Tx2,Lab 26,29.5,5.21,4.27,2.98,0.25,102.3651515
2,Tx2,Lab 26a,29.5,8.43,7.55,3.74,0.75,125.8545455
2,Tx2,Lab 26a,29.5,8.43,7.55,3.74,0.75,127.6995699
2,Tx2,Lab 27,29.5,6.71,5.87,3.25,0.5,125.8947917
2,Tx2,Lobby,29.5,10.46,10.3,1.8,0.5,101.2491667
3,Tx3,Lab 11b,29.5,12.48,12.3,2.09,0.75,132.6366667
3,Tx3,Lab 13,29.5,9.68,9.3,2.69,0.5,117.6976042
3,Tx3,Lab 16a,29.5,2.57,0,2.57,0.25,87.12861111
3,Tx3,Lab 16b,29.5,7.36,6.9,2.57,0.5,118.0726126
3,Tx3,Lab 17,29.5,5.95,5.3,2.7,0.25,109.8806667
3,Tx3,Lab 19,29.5,5.14,4.5,2.48,0.5,103.7154167
3,Tx3,Lab 21,29.5,3.8,2.68,2.7,0.5,107.7295238
3,Tx3,Pasillo_Dep,29.5,11.03,10.8,2.25,0.5,116.8341667
1,Tx1,Lab 7,29.5,4.83,4.35,2.1,0.25,97.94104167
4,Tx4,Sala 1b,29.5,4.42,3.5,2.7,0.25,97.3754902
4,Tx4,Sala 2,29.5,4.37,4.14,1.4,0.25,87.80569892
4,Tx4,Sala 3,29.5,7.02,6.17,3.35,0.5,105.0330303
4,Tx4,Sala 30a,29.5,7.91,7.5,2.5,0.75,128.7582796
4,Tx4,Sala 30b,29.5,5.37,4.89,2.21,0.75,126.6904167
4,Tx4,Sala 35,29.5,7.69,7.55,1.45,0.25,116.6201961
5,Tx5,Lab 10,29.5,3.35,2.17,2.55,0.25,113.1951961
5,Tx5,Lab 11b,29.5,9.98,9.9,1.28,0.75,106.1254545
5,Tx5,Lab 12,29.5,3.91,3.3,2.1,0.25,100.8115152
4,Tx4,Sala 2,29.5,4.37,4.14,1.4,0.5,125.5696078
5,Tx5,Lab 16b,29.5,6.39,4.01,4.97,0.25,107.2131183
5,Tx5,Lab 18,29.5,10.31,10.05,2.31,0.5,133.1860215
5,Tx5,Lab 8,29.5,6.93,6.6,2.1,0.75,134.7044086
6,Tx6,Lab 11a,29.5,12.5,12.5,0,0.75,125.48
1,Tx1,Lab 5,29.5,4,4,0.01,0.25,80.03
6,Tx6,Lab 9,29.5,8.9,8.9,0,0.75,131.8766667
1,Tx1,Copa,30,6.59,6.3,1.94,0.5,126.2075238
1,Tx1,Lab 1,30,11.76,11.6,1.93,0.5,129.8046154
1,Tx1,Lab 11a,30,9.04,8.9,1.6,0.75,132.4833333
1,Tx1,Lab 3,30,4.25,3.6,2.25,0.25,109.3286022
1,Tx1,Lab 4,30,3.5,2.7,2.22,0.25,105.7276042
1,Tx1,Lab 5,30,4,4,0.01,0.25,97.37666667
1,Tx1,Lab 7,30,4.83,4.35,2.1,0.25,101.1133333
1,Tx1,Lab 9,30,5.78,5.3,2.3,0.75,124.5766667
1,Tx1,Sala,30,11.57,2,11.4,0.75,127.7429167
2,Tx2,Lab 25,30,3.99,3.58,1.76,0.25,99.31431373
2,Tx2,Lab 26,30,5.21,4.27,2.98,0.25,107.7922549
2,Tx2,Lab 26a,30,8.43,7.55,3.74,0.75,128.2880952
2,Tx2,Lab 26a,30,8.43,7.55,3.74,0.75,134.4533333
2,Tx2,Lab 27,30,6.71,5.87,3.25,0.5,120.9754167
2,Tx2,Lobby,30,10.46,10.3,1.8,0.5,103.2347917
3,Tx3,Lab 11b,30,12.48,12.3,2.09,0.75,134.2866667
3,Tx3,Lab 13,30,9.68,9.3,2.69,0.5,117.0953763
3,Tx3,Lab 16a,30,2.57,0,2.57,0.25,88.00916667
3,Tx3,Lab 16b,30,7.36,6.9,2.57,0.5,113.2684314
3,Tx3,Lab 17,30,5.95,5.3,2.7,0.25,103.8024242
3,Tx3,Lab 19,30,5.14,4.5,2.48,0.5,121.1988542
3,Tx3,Lab 21,30,3.8,2.68,2.7,0.5,104.7391228
3,Tx3,Pasillo_Dep,30,11.03,10.8,2.25,0.5,124.8278431
1,Tx1,Lab 7,30,4.83,4.35,2.1,0.25,100.1806061
4,Tx4,Sala 1b,30,4.42,3.5,2.7,0.25,99.73763441
4,Tx4,Sala 2,30,4.37,4.14,1.4,0.25,88.91333333
4,Tx4,Sala 3,30,7.02,6.17,3.35,0.5,103.6541667
4,Tx4,Sala 30a,30,7.91,7.5,2.5,0.75,134.8573333
4,Tx4,Sala 30b,30,5.37,4.89,2.21,0.75,132.3846667
4,Tx4,Sala 35,30,7.69,7.55,1.45,0.25,108.0190909
5,Tx5,Lab 10,30,3.35,2.17,2.55,0.25,103.0331373
5,Tx5,Lab 11b,30,9.98,9.9,1.28,0.75,113.2597917
5,Tx5,Lab 12,30,3.91,3.3,2.1,0.25,101.6445455
4,Tx4,Sala 2,30,4.37,4.14,1.4,0.5,127.2857576
5,Tx5,Lab 16b,30,6.39,4.01,4.97,0.25,119.8616667
5,Tx5,Lab 18,30,10.31,10.05,2.31,0.5,124.311828
5,Tx5,Lab 8,30,6.93,6.6,2.1,0.75,137.3869892
6,Tx6,Lab 11a,30,12.5,12.5,0,0.75,134.7366667
1,Tx1,Lab 5,30,4,4,0.01,0.25,84.02333333
6,Tx6,Lab 9,30,8.9,8.9,0,0.75,129.6833333
1,Tx1,Copa,30.5,6.59,6.3,1.94,0.5,113.7836937
1,Tx1,Lab 1,30.5,11.76,11.6,1.93,0.5,123.2113725
1,Tx1,Lab 11a,30.5,9.04,8.9,1.6,0.75,126.0333333
1,Tx1,Lab 3,30.5,4.25,3.6,2.25,0.25,103.196
1,Tx1,Lab 4,30.5,3.5,2.7,2.22,0.25,101.929
1,Tx1,Lab 5,30.5,4,4,0.01,0.25,89.89
1,Tx1,Lab 7,30.5,4.83,4.35,2.1,0.25,107.1633333
1,Tx1,Lab 9,30.5,5.78,5.3,2.3,0.75,114.9666667
1,Tx1,Sala,30.5,11.57,2,11.4,0.75,114.6628431
2,Tx2,Lab 25,30.5,3.99,3.58,1.76,0.25,94.00696078
2,Tx2,Lab 26,30.5,5.21,4.27,2.98,0.25,102.6187255
2,Tx2,Lab 26a,30.5,8.43,7.55,3.74,0.75,124.8516667
2,Tx2,Lab 26a,30.5,8.43,7.55,3.74,0.75,127.2735417
2,Tx2,Lab 27,30.5,6.71,5.87,3.25,0.5,113.8669697
2,Tx2,Lobby,30.5,10.46,10.3,1.8,0.5,99.90910569
3,Tx3,Lab 11b,30.5,12.48,12.3,2.09,0.75,128.9066667
3,Tx3,Lab 13,30.5,9.68,9.3,2.69,0.5,113.4148485
3,Tx3,Lab 16a,30.5,2.57,0,2.57,0.25,82.19016667
3,Tx3,Lab 16b,30.5,7.36,6.9,2.57,0.5,119.2222222
3,Tx3,Lab 17,30.5,5.95,5.3,2.7,0.25,111.5613725
3,Tx3,Lab 19,30.5,5.14,4.5,2.48,0.5,120.0229167
3,Tx3,Lab 21,30.5,3.8,2.68,2.7,0.5,101.4739394
3,Tx3,Pasillo_Dep,30.5,11.03,10.8,2.25,0.5,112.1543137
1,Tx1,Lab 7,30.5,4.83,4.35,2.1,0.25,94.85545455
4,Tx4,Sala 1b,30.5,4.42,3.5,2.7,0.25,94.47041667
4,Tx4,Sala 2,30.5,4.37,4.14,1.4,0.25,83.60215054
4,Tx4,Sala 3,30.5,7.02,6.17,3.35,0.5,100.6510417
4,Tx4,Sala 30a,30.5,7.91,7.5,2.5,0.75,125.420303
4,Tx4,Sala 30b,30.5,5.37,4.89,2.21,0.75,130.1569792
4,Tx4,Sala 35,30.5,7.69,7.55,1.45,0.25,102.9626042
5,Tx5,Lab 10,30.5,3.35,2.17,2.55,0.25,102.9494792
5,Tx5,Lab 11b,30.5,9.98,9.9,1.28,0.75,104.4402151
5,Tx5,Lab 12,30.5,3.91,3.3,2.1,0.25,95.88760417
4,Tx4,Sala 2,30.5,4.37,4.14,1.4,0.5,121.689697
5,Tx5,Lab 16b,30.5,6.39,4.01,4.97,0.25,117.9372917
5,Tx5,Lab 18,30.5,10.31,10.05,2.31,0.5,122.5048485
5,Tx5,Lab 8,30.5,6.93,6.6,2.1,0.75,130.2714943
6,Tx6,Lab 11a,30.5,12.5,12.5,0,0.75,129.3566667
1,Tx1,Lab 5,30.5,4,4,0.01,0.25,82.69
6,Tx6,Lab 9,30.5,8.9,8.9,0,0.75,129.8133333
1,Tx1,Copa,31,6.59,6.3,1.94,0.5,118.4613889
1,Tx1,Lab 1,31,11.76,11.6,1.93,0.5,127.6829032
1,Tx1,Lab 11a,31,9.04,8.9,1.6,0.75,124.6433333
1,Tx1,Lab 3,31,4.25,3.6,2.25,0.25,104.66375
1,Tx1,Lab 4,31,3.5,2.7,2.22,0.25,105.4487097
1,Tx1,Lab 5,31,4,4,0.01,0.25,97.70333333
1,Tx1,Lab 7,31,4.83,4.35,2.1,0.25,106.6
1,Tx1,Lab 9,31,5.78,5.3,2.3,0.75,120.1166667
1,Tx1,Sala,31,11.57,2,11.4,0.75,118.2914815
2,Tx2,Lab 25,31,3.99,3.58,1.76,0.25,94.92939394
2,Tx2,Lab 26,31,5.21,4.27,2.98,0.25,100.0066667
2,Tx2,Lab 26a,31,8.43,7.55,3.74,0.75,127.9993333
2,Tx2,Lab 26a,31,8.43,7.55,3.74,0.75,129.9818421
2,Tx2,Lab 27,31,6.71,5.87,3.25,0.5,110.1215625
2,Tx2,Lobby,31,10.46,10.3,1.8,0.5,98.28909091
3,Tx3,Lab 11b,31,12.48,12.3,2.09,0.75,128.09
3,Tx3,Lab 13,31,9.68,9.3,2.69,0.5,108.311
3,Tx3,Lab 16a,31,2.57,0,2.57,0.25,82.67861111
3,Tx3,Lab 16b,31,7.36,6.9,2.57,0.5,114.6635294
3,Tx3,Lab 17,31,5.95,5.3,2.7,0.25,109.6313514
3,Tx3,Lab 19,31,5.14,4.5,2.48,0.5,113.5864516
3,Tx3,Lab 21,31,3.8,2.68,2.7,0.5,105.3833333
3,Tx3,Pasillo_Dep,31,11.03,10.8,2.25,0.5,129.3588235
1,Tx1,Lab 7,31,4.83,4.35,2.1,0.25,94.92875
4,Tx4,Sala 1b,31,4.42,3.5,2.7,0.25,94.73290323
4,Tx4,Sala 2,31,4.37,4.14,1.4,0.25,84.3625
4,Tx4,Sala 3,31,7.02,6.17,3.35,0.5,102.18625
4,Tx4,Sala 30a,31,7.91,7.5,2.5,0.75,129.2415625
4,Tx4,Sala 30b,31,5.37,4.89,2.21,0.75,127.3951613
4,Tx4,Sala 35,31,7.69,7.55,1.45,0.25,114.9030303
5,Tx5,Lab 10,31,3.35,2.17,2.55,0.25,118.6251515
5,Tx5,Lab 11b,31,9.98,9.9,1.28,0.75,105.3697059
5,Tx5,Lab 12,31,3.91,3.3,2.1,0.25,97.21757576
4,Tx4,Sala 2,31,4.37,4.14,1.4,0.5,122.6869697
5,Tx5,Lab 16b,31,6.39,4.01,4.97,0.25,112.1093939
5,Tx5,Lab 18,31,10.31,10.05,2.31,0.5,120.6593939
5,Tx5,Lab 8,31,6.93,6.6,2.1,0.75,129.4458824
6,Tx6,Lab 11a,31,12.5,12.5,0,0.75,128.54
1,Tx1,Lab 5,31,4,4,0.01,0.25,80.24333333
6,Tx6,Lab 9,31,8.9,8.9,0,0.75,131.58
1,Tx1,Copa,31.5,6.59,6.3,1.94,0.5,117.5230303
1,Tx1,Lab 1,31.5,11.76,11.6,1.93,0.5,123.4110753
1,Tx1,Lab 11a,31.5,9.04,8.9,1.6,0.75,126.7966667
1,Tx1,Lab 3,31.5,4.25,3.6,2.25,0.25,108.1654545
1,Tx1,Lab 4,31.5,3.5,2.7,2.22,0.25,106.595914
1,Tx1,Lab 5,31.5,4,4,0.01,0.25,103.3566667
1,Tx1,Lab 7,31.5,4.83,4.35,2.1,0.25,109.8733333
1,Tx1,Lab 9,31.5,5.78,5.3,2.3,0.75,129.8933333
1,Tx1,Sala,31.5,11.57,2,11.4,0.75,116.8868817
2,Tx2,Lab 25,31.5,3.99,3.58,1.76,0.25,118.3552083
2,Tx2,Lab 26,31.5,5.21,4.27,2.98,0.25,103.8595098
2,Tx2,Lab 26a,31.5,8.43,7.55,3.74,0.75,130.1826437
2,Tx2,Lab 26a,31.5,8.43,7.55,3.74,0.75,130.6575269
2,Tx2,Lab 27,31.5,6.71,5.87,3.25,0.5,116.4998958
2,Tx2,Lobby,31.5,10.46,10.3,1.8,0.5,103.2123958
3,Tx3,Lab 11b,31.5,12.48,12.3,2.09,0.75,132.4033333
3,Tx3,Lab 13,31.5,9.68,9.3,2.69,0.5,113.4221705
3,Tx3,Lab 16a,31.5,2.57,0,2.57,0.25,83.5909009
3,Tx3,Lab 16b,31.5,7.36,6.9,2.57,0.5,126.4742157
3,Tx3,Lab 17,31.5,5.95,5.3,2.7,0.25,106.48
3,Tx3,Lab 19,31.5,5.14,4.5,2.48,0.5,115.1381818
3,Tx3,Lab 21,31.5,3.8,2.68,2.7,0.5,111.7369048
3,Tx3,Pasillo_Dep,31.5,11.03,10.8,2.25,0.5,120.5907018
1,Tx1,Lab 7,31.5,4.83,4.35,2.1,0.25,99.10803922
4,Tx4,Sala 1b,31.5,4.42,3.5,2.7,0.25,98.87927083
4,Tx4,Sala 2,31.5,4.37,4.14,1.4,0.25,88.38833333
4,Tx4,Sala 3,31.5,7.02,6.17,3.35,0.5,103.2198851
4,Tx4,Sala 30a,31.5,7.91,7.5,2.5,0.75,130.7527083
4,Tx4,Sala 30b,31.5,5.37,4.89,2.21,0.75,133.3523656
4,Tx4,Sala 35,31.5,7.69,7.55,1.45,0.25,105.434
5,Tx5,Lab 10,31.5,3.35,2.17,2.55,0.25,105.4084848
5,Tx5,Lab 11b,31.5,9.98,9.9,1.28,0.75,107.4239394
5,Tx5,Lab 12,31.5,3.91,3.3,2.1,0.25,100.0377083
4,Tx4,Sala 2,31.5,4.37,4.14,1.4,0.5,124.4252083
5,Tx5,Lab 16b,31.5,6.39,4.01,4.97,0.25,111.3433333
5,Tx5,Lab 18,31.5,10.31,10.05,2.31,0.5,123.095914
5,Tx5,Lab 8,31.5,6.93,6.6,2.1,0.75,134.2092157
6,Tx6,Lab 11a,31.5,12.5,12.5,0,0.75,132.8533333
1,Tx1,Lab 5,31.5,4,4,0.01,0.25,82.47
6,Tx6,Lab 9,31.5,8.9,8.9,0,0.75,136.2866667
1,Tx1,Copa,32,6.59,6.3,1.94,0.5,125.0790196
1,Tx1,Lab 1,32,11.76,11.6,1.93,0.5,131.5591667
1,Tx1,Lab 11a,32,9.04,8.9,1.6,0.75,130.8433333
1,Tx1,Lab 3,32,4.25,3.6,2.25,0.25,111.8926042
1,Tx1,Lab 4,32,3.5,2.7,2.22,0.25,113.2757292
1,Tx1,Lab 5,32,4,4,0.01,0.25,107.45
1,Tx1,Lab 7,32,4.83,4.35,2.1,0.25,109.81
1,Tx1,Lab 9,32,5.78,5.3,2.3,0.75,122.3166667
1,Tx1,Sala,32,11.57,2,11.4,0.75,119.1010417
2,Tx2,Lab 25,32,3.99,3.58,1.76,0.25,121.1226042
2,Tx2,Lab 26,32,5.21,4.27,2.98,0.25,104.4454545
2,Tx2,Lab 26a,32,8.43,7.55,3.74,0.75,132.9954545
2,Tx2,Lab 26a,32,8.43,7.55,3.74,0.75,137.3166667
2,Tx2,Lab 27,32,6.71,5.87,3.25,0.5,121.0056989
2,Tx2,Lobby,32,10.46,10.3,1.8,0.5,105.1775758
3,Tx3,Lab 11b,32,12.48,12.3,2.09,0.75,134.2666667
3,Tx3,Lab 13,32,9.68,9.3,2.69,0.5,119.6969792
3,Tx3,Lab 16a,32,2.57,0,2.57,0.25,87.32666667
3,Tx3,Lab 16b,32,7.36,6.9,2.57,0.5,122.2766667
3,Tx3,Lab 17,32,5.95,5.3,2.7,0.25,117.2122549
3,Tx3,Lab 19,32,5.14,4.5,2.48,0.5,123.9490196
3,Tx3,Lab 21,32,3.8,2.68,2.7,0.5,119.2175238
3,Tx3,Pasillo_Dep,32,11.03,10.8,2.25,0.5,124.3540196
1,Tx1,Lab 7,32,4.83,4.35,2.1,0.25,100.8760417
4,Tx4,Sala 1b,32,4.42,3.5,2.7,0.25,100.6269792
4,Tx4,Sala 2,32,4.37,4.14,1.4,0.25,90.76133333
4,Tx4,Sala 3,32,7.02,6.17,3.35,0.5,110.7766667
4,Tx4,Sala 30a,32,7.91,7.5,2.5,0.75,134.7663725
4,Tx4,Sala 30b,32,5.37,4.89,2.21,0.75,136.647957
4,Tx4,Sala 35,32,7.69,7.55,1.45,0.25,110.9204902
5,Tx5,Lab 10,32,3.35,2.17,2.55,0.25,106.3924242
5,Tx5,Lab 11b,32,9.98,9.9,1.28,0.75,108.5204902
5,Tx5,Lab 12,32,3.91,3.3,2.1,0.25,100.6508046
4,Tx4,Sala 2,32,4.37,4.14,1.4,0.5,129.1407292
5,Tx5,Lab 16b,32,6.39,4.01,4.97,0.25,117.6340196
5,Tx5,Lab 18,32,10.31,10.05,2.31,0.5,127.5269892
5,Tx5,Lab 8,32,6.93,6.6,2.1,0.75,136.3423423
6,Tx6,Lab 11a,32,12.5,12.5,0,0.75,134.7166667
1,Tx1,Lab 5,32,4,4,0.01,0.25,82.95
6,Tx6,Lab 9,32,8.9,8.9,0,0.75,135.6
1,Tx1,Copa,32.5,6.59,6.3,1.94,0.5,125.0048485
1,Tx1,Lab 1,32.5,11.76,11.6,1.93,0.5,134.9027451
1,Tx1,Lab 11a,32.5,9.04,8.9,1.6,0.75,129.0933333
1,Tx1,Lab 3,32.5,4.25,3.6,2.25,0.25,115.4626882
1,Tx1,Lab 4,32.5,3.5,2.7,2.22,0.25,116.9244762
1,Tx1,Lab 5,32.5,4,4,0.01,0.25,96.17
1,Tx1,Lab 7,32.5,4.83,4.35,2.1,0.25,105.0233333
1,Tx1,Lab 9,32.5,5.78,5.3,2.3,0.75,121.2433333
1,Tx1,Sala,32.5,11.57,2,11.4,0.75,114.4275269
2,Tx2,Lab 25,32.5,3.99,3.58,1.76,0.25,114.5048958
2,Tx2,Lab 26,32.5,5.21,4.27,2.98,0.25,108.2665686
2,Tx2,Lab 26a,32.5,8.43,7.55,3.74,0.75,131.4721212
2,Tx2,Lab 26a,32.5,8.43,7.55,3.74,0.75,135.6783333
2,Tx2,Lab 27,32.5,6.71,5.87,3.25,0.5,122.7169697
2,Tx2,Lobby,32.5,10.46,10.3,1.8,0.5,109.8133333
3,Tx3,Lab 11b,32.5,12.48,12.3,2.09,0.75,133.2733333
3,Tx3,Lab 13,32.5,9.68,9.3,2.69,0.5,133.3509804
3,Tx3,Lab 16a,32.5,2.57,0,2.57,0.25,88.05480392
3,Tx3,Lab 16b,32.5,7.36,6.9,2.57,0.5,120.8479279
3,Tx3,Lab 17,32.5,5.95,5.3,2.7,0.25,108.332
3,Tx3,Lab 19,32.5,5.14,4.5,2.48,0.5,122.7075758
3,Tx3,Lab 21,32.5,3.8,2.68,2.7,0.5,107.0017708
3,Tx3,Pasillo_Dep,32.5,11.03,10.8,2.25,0.5,121.9233333
1,Tx1,Lab 7,32.5,4.83,4.35,2.1,0.25,101.4289216
4,Tx4,Sala 1b,32.5,4.42,3.5,2.7,0.25,101.5827273
4,Tx4,Sala 2,32.5,4.37,4.14,1.4,0.25,93.41397849
4,Tx4,Sala 3,32.5,7.02,6.17,3.35,0.5,107.1486667
4,Tx4,Sala 30a,32.5,7.91,7.5,2.5,0.75,134.9430303
4,Tx4,Sala 30b,32.5,5.37,4.89,2.21,0.75,133.8102083
4,Tx4,Sala 35,32.5,7.69,7.55,1.45,0.25,113.8765591
5,Tx5,Lab 10,32.5,3.35,2.17,2.55,0.25,121.6327451
5,Tx5,Lab 11b,32.5,9.98,9.9,1.28,0.75,115.0548958
5,Tx5,Lab 12,32.5,3.91,3.3,2.1,0.25,101.5710753
4,Tx4,Sala 2,32.5,4.37,4.14,1.4,0.5,125.2167708
5,Tx5,Lab 16b,32.5,6.39,4.01,4.97,0.25,115.5291398
5,Tx5,Lab 18,32.5,10.31,10.05,2.31,0.5,131.8913978
5,Tx5,Lab 8,32.5,6.93,6.6,2.1,0.75,135.4055208
6,Tx6,Lab 11a,32.5,12.5,12.5,0,0.75,133.7233333
1,Tx1,Lab 5,32.5,4,4,0.01,0.25,83.84666667
6,Tx6,Lab 9,32.5,8.9,8.9,0,0.75,133.2933333
1,Tx1,Copa,33,6.59,6.3,1.94,0.5,124.8659375
1,Tx1,Lab 1,33,11.76,11.6,1.93,0.5,137.08875
1,Tx1,Lab 11a,33,9.04,8.9,1.6,0.75,133.1266667
1,Tx1,Lab 3,33,4.25,3.6,2.25,0.25,113.1254545
1,Tx1,Lab 4,33,3.5,2.7,2.22,0.25,114.0741935
1,Tx1,Lab 5,33,4,4,0.01,0.25,96.08666667
1,Tx1,Lab 7,33,4.83,4.35,2.1,0.25,101.0666667
1,Tx1,Lab 9,33,5.78,5.3,2.3,0.75,129.2233333
1,Tx1,Sala,33,11.57,2,11.4,0.75,122.1521875
2,Tx2,Lab 25,33,3.99,3.58,1.76,0.25,110.324375
2,Tx2,Lab 26,33,5.21,4.27,2.98,0.25,104.2602857
2,Tx2,Lab 26a,33,8.43,7.55,3.74,0.75,137.2767742
2,Tx2,Lab 26a,33,8.43,7.55,3.74,0.75,137.0277778
2,Tx2,Lab 27,33,6.71,5.87,3.25,0.5,120.6126471
2,Tx2,Lobby,33,10.46,10.3,1.8,0.5,123.6308824
3,Tx3,Lab 11b,33,12.48,12.3,2.09,0.75,134.54
3,Tx3,Lab 13,33,9.68,9.3,2.69,0.5,121.3174194
3,Tx3,Lab 16a,33,2.57,0,2.57,0.25,91.04457143
3,Tx3,Lab 16b,33,7.36,6.9,2.57,0.5,119.9884211
3,Tx3,Lab 17,33,5.95,5.3,2.7,0.25,112.7584375
3,Tx3,Lab 19,33,5.14,4.5,2.48,0.5,114.5384444
3,Tx3,Lab 21,33,3.8,2.68,2.7,0.5,110.939697
3,Tx3,Pasillo_Dep,33,11.03,10.8,2.25,0.5,127.1288235
1,Tx1,Lab 7,33,4.83,4.35,2.1,0.25,102.3541935
4,Tx4,Sala 1b,33,4.42,3.5,2.7,0.25,102.4808824
4,Tx4,Sala 2,33,4.37,4.14,1.4,0.25,94.36636364
4,Tx4,Sala 3,33,7.02,6.17,3.35,0.5,103.4180645
4,Tx4,Sala 30a,33,7.91,7.5,2.5,0.75,136.9026471
4,Tx4,Sala 30b,33,5.37,4.89,2.21,0.75,137.0925
4,Tx4,Sala 35,33,7.69,7.55,1.45,0.25,116.0951613
5,Tx5,Lab 10,33,3.35,2.17,2.55,0.25,118.879697
5,Tx5,Lab 11b,33,9.98,9.9,1.28,0.75,109.2760606
5,Tx5,Lab 12,33,3.91,3.3,2.1,0.25,104.0153125
4,Tx4,Sala 2,33,4.37,4.14,1.4,0.5,125.0412903
5,Tx5,Lab 16b,33,6.39,4.01,4.97,0.25,115.3545161
5,Tx5,Lab 18,33,10.31,10.05,2.31,0.5,124.5709091
5,Tx5,Lab 8,33,6.93,6.6,2.1,0.75,137.0426471
6,Tx6,Lab 11a,33,12.5,12.5,0,0.75,134.99
1,Tx1,Lab 5,33,4,4,0.01,0.25,86.48666667
6,Tx6,Lab 9,33,8.9,8.9,0,0.75,133.2533333
1,Tx1,Copa,33.5,6.59,6.3,1.94,0.5,121.2981818
1,Tx1,Lab 1,33.5,11.76,11.6,1.93,0.5,129.7588889
1,Tx1,Lab 11a,33.5,9.04,8.9,1.6,0.75,130.9966667
1,Tx1,Lab 3,33.5,4.25,3.6,2.25,0.25,113.4955208
1,Tx1,Lab 4,33.5,3.5,2.7,2.22,0.25,115.8130108
1,Tx1,Lab 5,33.5,4,4,0.01,0.25,99.77
1,Tx1,Lab 7,33.5,4.83,4.35,2.1,0.25,103.79
1,Tx1,Lab 9,33.5,5.78,5.3,2.3,0.75,126.8333333
1,Tx1,Sala,33.5,11.57,2,11.4,0.75,113.4436559
2,Tx2,Lab 25,33.5,3.99,3.58,1.76,0.25,106.3814583
2,Tx2,Lab 26,33.5,5.21,4.27,2.98,0.25,104.5878788
2,Tx2,Lab 26a,33.5,8.43,7.55,3.74,0.75,134.2213978
2,Tx2,Lab 26a,33.5,8.43,7.55,3.74,0.75,137.3492593
2,Tx2,Lab 27,33.5,6.71,5.87,3.25,0.5,121.9303922
2,Tx2,Lobby,33.5,10.46,10.3,1.8,0.5,113.4162745
3,Tx3,Lab 11b,33.5,12.48,12.3,2.09,0.75,133.9233333
3,Tx3,Lab 13,33.5,9.68,9.3,2.69,0.5,124.3073958
3,Tx3,Lab 16a,33.5,2.57,0,2.57,0.25,97.79933333
3,Tx3,Lab 16b,33.5,7.36,6.9,2.57,0.5,119.3507018
3,Tx3,Lab 17,33.5,5.95,5.3,2.7,0.25,113.2815152
3,Tx3,Lab 19,33.5,5.14,4.5,2.48,0.5,110.2139394
3,Tx3,Lab 21,33.5,3.8,2.68,2.7,0.5,114.6625833
3,Tx3,Pasillo_Dep,33.5,11.03,10.8,2.25,0.5,125.0058333
1,Tx1,Lab 7,33.5,4.83,4.35,2.1,0.25,102.5827083
4,Tx4,Sala 1b,33.5,4.42,3.5,2.7,0.25,102.952451
4,Tx4,Sala 2,33.5,4.37,4.14,1.4,0.25,95.36980392
4,Tx4,Sala 3,33.5,7.02,6.17,3.35,0.5,105.4726882
4,Tx4,Sala 30a,33.5,7.91,7.5,2.5,0.75,136.0739216
4,Tx4,Sala 30b,33.5,5.37,4.89,2.21,0.75,134.6721569
4,Tx4,Sala 35,33.5,7.69,7.55,1.45,0.25,108.9027273
5,Tx5,Lab 10,33.5,3.35,2.17,2.55,0.25,108.4509091
5,Tx5,Lab 11b,33.5,9.98,9.9,1.28,0.75,113.2487879
5,Tx5,Lab 12,33.5,3.91,3.3,2.1,0.25,103.230098
4,Tx4,Sala 2,33.5,4.37,4.14,1.4,0.5,129.6561458
5,Tx5,Lab 16b,33.5,6.39,4.01,4.97,0.25,113.5051515
5,Tx5,Lab 18,33.5,10.31,10.05,2.31,0.5,121.745098
5,Tx5,Lab 8,33.5,6.93,6.6,2.1,0.75,135.7545098
6,Tx6,Lab 11a,33.5,12.5,12.5,0,0.75,134.3733333
1,Tx1,Lab 5,33.5,4,4,0.01,0.25,88.07333333
6,Tx6,Lab 9,33.5,8.9,8.9,0,0.75,132.9966667
1,Tx1,Copa,34,6.59,6.3,1.94,0.5,128.9630392
1,Tx1,Lab 1,34,11.76,11.6,1.93,0.5,131.3942708
1,Tx1,Lab 11a,34,9.04,8.9,1.6,0.75,130.0633333
1,Tx1,Lab 3,34,4.25,3.6,2.25,0.25,114.8439785
1,Tx1,Lab 4,34,3.5,2.7,2.22,0.25,119.1712121
1,Tx1,Lab 5,34,4,4,0.01,0.25,100.47
1,Tx1,Lab 7,34,4.83,4.35,2.1,0.25,103.72
1,Tx1,Lab 9,34,5.78,5.3,2.3,0.75,124.8633333
1,Tx1,Sala,34,11.57,2,11.4,0.75,133.1270833
2,Tx2,Lab 25,34,3.99,3.58,1.76,0.25,105.2595833
2,Tx2,Lab 26,34,5.21,4.27,2.98,0.25,107.8539216
2,Tx2,Lab 26a,34,8.43,7.55,3.74,0.75,137.1633333
2,Tx2,Lab 26a,34,8.43,7.55,3.74,0.75,136.0762366
2,Tx2,Lab 27,34,6.71,5.87,3.25,0.5,122.4058333
2,Tx2,Lobby,34,10.46,10.3,1.8,0.5,111.7205208
3,Tx3,Lab 11b,34,12.48,12.3,2.09,0.75,134.7233333
3,Tx3,Lab 13,34,9.68,9.3,2.69,0.5,118.6748958
3,Tx3,Lab 16a,34,2.57,0,2.57,0.25,96.72303922
3,Tx3,Lab 16b,34,7.36,6.9,2.57,0.5,127.6087619
3,Tx3,Lab 17,34,5.95,5.3,2.7,0.25,116.2412121
3,Tx3,Lab 19,34,5.14,4.5,2.48,0.5,119.4484946
3,Tx3,Lab 21,34,3.8,2.68,2.7,0.5,108.9678788
3,Tx3,Pasillo_Dep,34,11.03,10.8,2.25,0.5,130.1313889
1,Tx1,Lab 7,34,4.83,4.35,2.1,0.25,103.3395833
4,Tx4,Sala 1b,34,4.42,3.5,2.7,0.25,103.3572043
4,Tx4,Sala 2,34,4.37,4.14,1.4,0.25,94.45204301
4,Tx4,Sala 3,34,7.02,6.17,3.35,0.5,106.3726667
4,Tx4,Sala 30a,34,7.91,7.5,2.5,0.75,137.6477083
4,Tx4,Sala 30b,34,5.37,4.89,2.21,0.75,137.7820833
4,Tx4,Sala 35,34,7.69,7.55,1.45,0.25,118.3126667
5,Tx5,Lab 10,34,3.35,2.17,2.55,0.25,108.2405747
5,Tx5,Lab 11b,34,9.98,9.9,1.28,0.75,130.38
5,Tx5,Lab 12,34,3.91,3.3,2.1,0.25,102.2983333
4,Tx4,Sala 2,34,4.37,4.14,1.4,0.5,123.3172619
5,Tx5,Lab 16b,34,6.39,4.01,4.97,0.25,111.6133333
5,Tx5,Lab 18,34,10.31,10.05,2.31,0.5,123.7623958
5,Tx5,Lab 8,34,6.93,6.6,2.1,0.75,137.065098
6,Tx6,Lab 11a,34,12.5,12.5,0,0.75,135.1733333
1,Tx1,Lab 5,34,4,4,0.01,0.25,87.84333333
6,Tx6,Lab 9,34,8.9,8.9,0,0.75,133.8966667
1,Tx1,Copa,34.5,6.59,6.3,1.94,0.5,128.91125
1,Tx1,Lab 1,34.5,11.76,11.6,1.93,0.5,125.195
1,Tx1,Lab 11a,34.5,9.04,8.9,1.6,0.75,131.99
1,Tx1,Lab 3,34.5,4.25,3.6,2.25,0.25,123.2085294
1,Tx1,Lab 4,34.5,3.5,2.7,2.22,0.25,119.5641935
1,Tx1,Lab 5,34.5,4,4,0.01,0.25,98.41
1,Tx1,Lab 7,34.5,4.83,4.35,2.1,0.25,105.5266667
1,Tx1,Lab 9,34.5,5.78,5.3,2.3,0.75,118.5366667
1,Tx1,Sala,34.5,11.57,2,11.4,0.75,118.5778788
2,Tx2,Lab 25,34.5,3.99,3.58,1.76,0.25,111.8879412
2,Tx2,Lab 26,34.5,5.21,4.27,2.98,0.25,103.9568571
2,Tx2,Lab 26a,34.5,8.43,7.55,3.74,0.75,133.5130303
2,Tx2,Lab 26a,34.5,8.43,7.55,3.74,0.75,135.1135484
2,Tx2,Lab 27,34.5,6.71,5.87,3.25,0.5,136.0937143
2,Tx2,Lobby,34.5,10.46,10.3,1.8,0.5,113.745625
3,Tx3,Lab 11b,34.5,12.48,12.3,2.09,0.75,134.89
3,Tx3,Lab 13,34.5,9.68,9.3,2.69,0.5,118.058
3,Tx3,Lab 16a,34.5,2.57,0,2.57,0.25,94.68694444
3,Tx3,Lab 16b,34.5,7.36,6.9,2.57,0.5,127.228
3,Tx3,Lab 17,34.5,5.95,5.3,2.7,0.25,111.7748387
3,Tx3,Lab 19,34.5,5.14,4.5,2.48,0.5,119.026
3,Tx3,Lab 21,34.5,3.8,2.68,2.7,0.5,110.05
3,Tx3,Pasillo_Dep,34.5,11.03,10.8,2.25,0.5,120.3242857
1,Tx1,Lab 7,34.5,4.83,4.35,2.1,0.25,109.7175
4,Tx4,Sala 1b,34.5,4.42,3.5,2.7,0.25,109.6563636
4,Tx4,Sala 2,34.5,4.37,4.14,1.4,0.25,98.65
4,Tx4,Sala 3,34.5,7.02,6.17,3.35,0.5,112.9545455
4,Tx4,Sala 30a,34.5,7.91,7.5,2.5,0.75,136.9452778
4,Tx4,Sala 30b,34.5,5.37,4.89,2.21,0.75,136.8875
4,Tx4,Sala 35,34.5,7.69,7.55,1.45,0.25,114.2539394
5,Tx5,Lab 10,34.5,3.35,2.17,2.55,0.25,114.0251515
5,Tx5,Lab 11b,34.5,9.98,9.9,1.28,0.75,114.8943333
5,Tx5,Lab 12,34.5,3.91,3.3,2.1,0.25,103.9773529
4,Tx4,Sala 2,34.5,4.37,4.14,1.4,0.5,127.0713333
5,Tx5,Lab 16b,34.5,6.39,4.01,4.97,0.25,115.911875
5,Tx5,Lab 18,34.5,10.31,10.05,2.31,0.5,131.50875
5,Tx5,Lab 8,34.5,6.93,6.6,2.1,0.75,136.699697
6,Tx6,Lab 11a,34.5,12.5,12.5,0,0.75,135.34
1,Tx1,Lab 5,34.5,4,4,0.01,0.25,88.49
6,Tx6,Lab 9,34.5,8.9,8.9,0,0.75,130.76
1,Tx1,Copa,35,6.59,6.3,1.94,0.5,123.8329167
1,Tx1,Lab 1,35,11.76,11.6,1.93,0.5,129.5430769
1,Tx1,Lab 11a,35,9.04,8.9,1.6,0.75,125.5666667
1,Tx1,Lab 3,35,4.25,3.6,2.25,0.25,110.7572917
1,Tx1,Lab 4,35,3.5,2.7,2.22,0.25,110.5254545
1,Tx1,Lab 5,35,4,4,0.01,0.25,92.06666667
1,Tx1,Lab 7,35,4.83,4.35,2.1,0.25,103.4966667
1,Tx1,Lab 9,35,5.78,5.3,2.3,0.75,125.84
1,Tx1,Sala,35,11.57,2,11.4,0.75,111.7690909
2,Tx2,Lab 25,35,3.99,3.58,1.76,0.25,110.836381
2,Tx2,Lab 26,35,5.21,4.27,2.98,0.25,100.876381
2,Tx2,Lab 26a,35,8.43,7.55,3.74,0.75,129.9856989
2,Tx2,Lab 26a,35,8.43,7.55,3.74,0.75,130.4305797
2,Tx2,Lab 27,35,6.71,5.87,3.25,0.5,115.655
2,Tx2,Lobby,35,10.46,10.3,1.8,0.5,114.3112121
3,Tx3,Lab 11b,35,12.48,12.3,2.09,0.75,128.7366667
3,Tx3,Lab 13,35,9.68,9.3,2.69,0.5,111.1475758
3,Tx3,Lab 16a,35,2.57,0,2.57,0.25,89.55111111
3,Tx3,Lab 16b,35,7.36,6.9,2.57,0.5,118.4407843
3,Tx3,Lab 17,35,5.95,5.3,2.7,0.25,109.1169697
3,Tx3,Lab 19,35,5.14,4.5,2.48,0.5,110.4515447
3,Tx3,Lab 21,35,3.8,2.68,2.7,0.5,98.90276423
3,Tx3,Pasillo_Dep,35,11.03,10.8,2.25,0.5,121.2411667
1,Tx1,Lab 7,35,4.83,4.35,2.1,0.25,102.1169792
4,Tx4,Sala 1b,35,4.42,3.5,2.7,0.25,102.8487879
4,Tx4,Sala 2,35,4.37,4.14,1.4,0.25,89.71086022
4,Tx4,Sala 3,35,7.02,6.17,3.35,0.5,104.0976042
4,Tx4,Sala 30a,35,7.91,7.5,2.5,0.75,130.1413542
4,Tx4,Sala 30b,35,5.37,4.89,2.21,0.75,129.8629167
4,Tx4,Sala 35,35,7.69,7.55,1.45,0.25,110.3678431
5,Tx5,Lab 10,35,3.35,2.17,2.55,0.25,123.0637255
5,Tx5,Lab 11b,35,9.98,9.9,1.28,0.75,107.3889247
5,Tx5,Lab 12,35,3.91,3.3,2.1,0.25,102.1612381
4,Tx4,Sala 2,35,4.37,4.14,1.4,0.5,129.5629825
5,Tx5,Lab 16b,35,6.39,4.01,4.97,0.25,105.1633333
5,Tx5,Lab 18,35,10.31,10.05,2.31,0.5,123.4351042
5,Tx5,Lab 8,35,6.93,6.6,2.1,0.75,129.7248485
6,Tx6,Lab 11a,35,12.5,12.5,0,0.75,129.1866667
1,Tx1,Lab 5,35,4,4,0.01,0.25,84.46
6,Tx6,Lab 9,35,8.9,8.9,0,0.75,127.2433333
1,Tx1,Copa,35.5,6.59,6.3,1.94,0.5,122.3006061
1,Tx1,Lab 1,35.5,11.76,11.6,1.93,0.5,131.4760606
1,Tx1,Lab 11a,35.5,9.04,8.9,1.6,0.75,127.8766667
1,Tx1,Lab 3,35.5,4.25,3.6,2.25,0.25,117.6029412
1,Tx1,Lab 4,35.5,3.5,2.7,2.22,0.25,110.121875
1,Tx1,Lab 5,35.5,4,4,0.01,0.25,91.61
1,Tx1,Lab 7,35.5,4.83,4.35,2.1,0.25,110.4033333
1,Tx1,Lab 9,35.5,5.78,5.3,2.3,0.75,120.2
1,Tx1,Sala,35.5,11.57,2,11.4,0.75,113.8708108
2,Tx2,Lab 25,35.5,3.99,3.58,1.76,0.25,109.9877143
2,Tx2,Lab 26,35.5,5.21,4.27,2.98,0.25,106.3058824
2,Tx2,Lab 26a,35.5,8.43,7.55,3.74,0.75,131.5041935
2,Tx2,Lab 26a,35.5,8.43,7.55,3.74,0.75,131.5514815
2,Tx2,Lab 27,35.5,6.71,5.87,3.25,0.5,123.9025
2,Tx2,Lobby,35.5,10.46,10.3,1.8,0.5,111.8446875
3,Tx3,Lab 11b,35.5,12.48,12.3,2.09,0.75,129.63
3,Tx3,Lab 13,35.5,9.68,9.3,2.69,0.5,111.9045161
3,Tx3,Lab 16a,35.5,2.57,0,2.57,0.25,93.766
3,Tx3,Lab 16b,35.5,7.36,6.9,2.57,0.5,120.0947059
3,Tx3,Lab 17,35.5,5.95,5.3,2.7,0.25,104.6235484
3,Tx3,Lab 19,35.5,5.14,4.5,2.48,0.5,111.2890909
3,Tx3,Lab 21,35.5,3.8,2.68,2.7,0.5,102.8918919
3,Tx3,Pasillo_Dep,35.5,11.03,10.8,2.25,0.5,121.1769444
1,Tx1,Lab 7,35.5,4.83,4.35,2.1,0.25,98.85387097
4,Tx4,Sala 1b,35.5,4.42,3.5,2.7,0.25,99.7930303
4,Tx4,Sala 2,35.5,4.37,4.14,1.4,0.25,88.32966667
4,Tx4,Sala 3,35.5,7.02,6.17,3.35,0.5,101.4783871
4,Tx4,Sala 30a,35.5,7.91,7.5,2.5,0.75,130.860625
4,Tx4,Sala 30b,35.5,5.37,4.89,2.21,0.75,130.7288889
4,Tx4,Sala 35,35.5,7.69,7.55,1.45,0.25,105.4281818
5,Tx5,Lab 10,35.5,3.35,2.17,2.55,0.25,116.115625
5,Tx5,Lab 11b,35.5,9.98,9.9,1.28,0.75,110.1996875
5,Tx5,Lab 12,35.5,3.91,3.3,2.1,0.25,107.7890625
4,Tx4,Sala 2,35.5,4.37,4.14,1.4,0.5,128.4205882
5,Tx5,Lab 16b,35.5,6.39,4.01,4.97,0.25,112.4808824
5,Tx5,Lab 18,35.5,10.31,10.05,2.31,0.5,129.1646875
5,Tx5,Lab 8,35.5,6.93,6.6,2.1,0.75,131.4773529
6,Tx6,Lab 11a,35.5,12.5,12.5,0,0.75,130.08
1,Tx1,Lab 5,35.5,4,4,0.01,0.25,87.11
6,Tx6,Lab 9,35.5,8.9,8.9,0,0.75,132.79
1,Tx1,Copa,36,6.59,6.3,1.94,0.5,122.9922917
1,Tx1,Lab 1,36,11.76,11.6,1.93,0.5,115.5644444
1,Tx1,Lab 11a,36,9.04,8.9,1.6,0.75,123.3766667
1,Tx1,Lab 3,36,4.25,3.6,2.25,0.25,110.2682292
1,Tx1,Lab 4,36,3.5,2.7,2.22,0.25,100.5534409
1,Tx1,Lab 5,36,4,4,0.01,0.25,83.47666667
1,Tx1,Lab 7,36,4.83,4.35,2.1,0.25,102.2266667
1,Tx1,Lab 9,36,5.78,5.3,2.3,0.75,113.5
1,Tx1,Sala,36,11.57,2,11.4,0.75,107.8532292
2,Tx2,Lab 25,36,3.99,3.58,1.76,0.25,100.6693137
2,Tx2,Lab 26,36,5.21,4.27,2.98,0.25,103.2643137
2,Tx2,Lab 26a,36,8.43,7.55,3.74,0.75,124.815303
2,Tx2,Lab 26a,36,8.43,7.55,3.74,0.75,124.9541667
2,Tx2,Lab 27,36,6.71,5.87,3.25,0.5,111.2063636
2,Tx2,Lobby,36,10.46,10.3,1.8,0.5,101.5222917
3,Tx3,Lab 11b,36,12.48,12.3,2.09,0.75,122.6766667
3,Tx3,Lab 13,36,9.68,9.3,2.69,0.5,106.4654167
3,Tx3,Lab 16a,36,2.57,0,2.57,0.25,86.99099099
3,Tx3,Lab 16b,36,7.36,6.9,2.57,0.5,110.930614
3,Tx3,Lab 17,36,5.95,5.3,2.7,0.25,101.1513889
3,Tx3,Lab 19,36,5.14,4.5,2.48,0.5,102.9888542
3,Tx3,Lab 21,36,3.8,2.68,2.7,0.5,96.56757576
3,Tx3,Pasillo_Dep,36,11.03,10.8,2.25,0.5,120.5638889
1,Tx1,Lab 7,36,4.83,4.35,2.1,0.25,92.26878788
4,Tx4,Sala 1b,36,4.42,3.5,2.7,0.25,92.55843137
4,Tx4,Sala 2,36,4.37,4.14,1.4,0.25,81.26473118
4,Tx4,Sala 3,36,7.02,6.17,3.35,0.5,94.56479167
4,Tx4,Sala 30a,36,7.91,7.5,2.5,0.75,124.6987879
4,Tx4,Sala 30b,36,5.37,4.89,2.21,0.75,124.5859524
4,Tx4,Sala 35,36,7.69,7.55,1.45,0.25,100.0687879
5,Tx5,Lab 10,36,3.35,2.17,2.55,0.25,109.7569697
5,Tx5,Lab 11b,36,9.98,9.9,1.28,0.75,100.8690909
5,Tx5,Lab 12,36,3.91,3.3,2.1,0.25,95.78698925
4,Tx4,Sala 2,36,4.37,4.14,1.4,0.5,123.8180952
5,Tx5,Lab 16b,36,6.39,4.01,4.97,0.25,104.9498925
5,Tx5,Lab 18,36,10.31,10.05,2.31,0.5,122.6154167
5,Tx5,Lab 8,36,6.93,6.6,2.1,0.75,124.7829825
6,Tx6,Lab 11a,36,12.5,12.5,0,0.75,123.1266667
1,Tx1,Lab 5,36,4,4,0.01,0.25,80.82333333
6,Tx6,Lab 9,36,8.9,8.9,0,0.75,121.8733333
1,Tx1,Copa,36.5,6.59,6.3,1.94,0.5,117.6868571
1,Tx1,Lab 1,36.5,11.76,11.6,1.93,0.5,127.1013514
1,Tx1,Lab 11a,36.5,9.04,8.9,1.6,0.75,125.8533333
1,Tx1,Lab 3,36.5,4.25,3.6,2.25,0.25,107.4424242
1,Tx1,Lab 4,36.5,3.5,2.7,2.22,0.25,114.6497059
1,Tx1,Lab 5,36.5,4,4,0.01,0.25,86.59666667
1,Tx1,Lab 7,36.5,4.83,4.35,2.1,0.25,109.5933333
1,Tx1,Lab 9,36.5,5.78,5.3,2.3,0.75,116.41
1,Tx1,Sala,36.5,11.57,2,11.4,0.75,116.96625
2,Tx2,Lab 25,36.5,3.99,3.58,1.76,0.25,111.2046875
2,Tx2,Lab 26,36.5,5.21,4.27,2.98,0.25,105.8647059
2,Tx2,Lab 26a,36.5,8.43,7.55,3.74,0.75,130.1306061
2,Tx2,Lab 26a,36.5,8.43,7.55,3.74,0.75,129.9616279
2,Tx2,Lab 27,36.5,6.71,5.87,3.25,0.5,116.0628125
2,Tx2,Lobby,36.5,10.46,10.3,1.8,0.5,99.53457143
3,Tx3,Lab 11b,36.5,12.48,12.3,2.09,0.75,128.81
3,Tx3,Lab 13,36.5,9.68,9.3,2.69,0.5,114.7059259
3,Tx3,Lab 16a,36.5,2.57,0,2.57,0.25,93.53324324
3,Tx3,Lab 16b,36.5,7.36,6.9,2.57,0.5,115.1931579
3,Tx3,Lab 17,36.5,5.95,5.3,2.7,0.25,112.6104348
3,Tx3,Lab 19,36.5,5.14,4.5,2.48,0.5,114.8646875
3,Tx3,Lab 21,36.5,3.8,2.68,2.7,0.5,100.0948485
3,Tx3,Pasillo_Dep,36.5,11.03,10.8,2.25,0.5,124.4632353
1,Tx1,Lab 7,36.5,4.83,4.35,2.1,0.25,97.9946875
4,Tx4,Sala 1b,36.5,4.42,3.5,2.7,0.25,98.59967742
4,Tx4,Sala 2,36.5,4.37,4.14,1.4,0.25,87.27125
4,Tx4,Sala 3,36.5,7.02,6.17,3.35,0.5,97.3578125
4,Tx4,Sala 30a,36.5,7.91,7.5,2.5,0.75,129.7993939
4,Tx4,Sala 30b,36.5,5.37,4.89,2.21,0.75,130.655625
4,Tx4,Sala 35,36.5,7.69,7.55,1.45,0.25,115.6828125
5,Tx5,Lab 10,36.5,3.35,2.17,2.55,0.25,114.9597143
5,Tx5,Lab 11b,36.5,9.98,9.9,1.28,0.75,112.4451515
5,Tx5,Lab 12,36.5,3.91,3.3,2.1,0.25,100.0657576
4,Tx4,Sala 2,36.5,4.37,4.14,1.4,0.5,129.3296875
5,Tx5,Lab 16b,36.5,6.39,4.01,4.97,0.25,102.5139394
5,Tx5,Lab 18,36.5,10.31,10.05,2.31,0.5,129.59
5,Tx5,Lab 8,36.5,6.93,6.6,2.1,0.75,130.2675
6,Tx6,Lab 11a,36.5,12.5,12.5,0,0.75,129.26
1,Tx1,Lab 5,36.5,4,4,0.01,0.25,90.61333333
6,Tx6,Lab 9,36.5,8.9,8.9,0,0.75,133.9033333
1,Tx1,Copa,37,6.59,6.3,1.94,0.5,125.9897059
1,Tx1,Lab 1,37,11.76,11.6,1.93,0.5,129.6414706
1,Tx1,Lab 11a,37,9.04,8.9,1.6,0.75,127.8133333
1,Tx1,Lab 3,37,4.25,3.6,2.25,0.25,119.0115625
1,Tx1,Lab 4,37,3.5,2.7,2.22,0.25,112.5979412
1,Tx1,Lab 5,37,4,4,0.01,0.25,88.19666667
1,Tx1,Lab 7,37,4.83,4.35,2.1,0.25,115.1566667
1,Tx1,Lab 9,37,5.78,5.3,2.3,0.75,117.0333333
1,Tx1,Sala,37,11.57,2,11.4,0.75,110.9415625
2,Tx2,Lab 25,37,3.99,3.58,1.76,0.25,108.4682353
2,Tx2,Lab 26,37,5.21,4.27,2.98,0.25,103.7927027
2,Tx2,Lab 26a,37,8.43,7.55,3.74,0.75,133.2458065
2,Tx2,Lab 26a,37,8.43,7.55,3.74,0.75,132.2483333
2,Tx2,Lab 27,37,6.71,5.87,3.25,0.5,123.6381818
2,Tx2,Lobby,37,10.46,10.3,1.8,0.5,101.09875
3,Tx3,Lab 11b,37,12.48,12.3,2.09,0.75,131.51
3,Tx3,Lab 13,37,9.68,9.3,2.69,0.5,120.075
3,Tx3,Lab 16a,37,2.57,0,2.57,0.25,100.6225714
3,Tx3,Lab 16b,37,7.36,6.9,2.57,0.5,120.61675
3,Tx3,Lab 17,37,5.95,5.3,2.7,0.25,109.2038235
3,Tx3,Lab 19,37,5.14,4.5,2.48,0.5,115.7928125
3,Tx3,Lab 21,37,3.8,2.68,2.7,0.5,104.8753125
3,Tx3,Pasillo_Dep,37,11.03,10.8,2.25,0.5,120.7997561
1,Tx1,Lab 7,37,4.83,4.35,2.1,0.25,100.4637143
4,Tx4,Sala 1b,37,4.42,3.5,2.7,0.25,101.1108824
4,Tx4,Sala 2,37,4.37,4.14,1.4,0.25,90.67612903
4,Tx4,Sala 3,37,7.02,6.17,3.35,0.5,100.3615152
4,Tx4,Sala 30a,37,7.91,7.5,2.5,0.75,133.3129412
4,Tx4,Sala 30b,37,5.37,4.89,2.21,0.75,131.629
4,Tx4,Sala 35,37,7.69,7.55,1.45,0.25,110.6908333
5,Tx5,Lab 10,37,3.35,2.17,2.55,0.25,110.1967647
5,Tx5,Lab 11b,37,9.98,9.9,1.28,0.75,114.0796774
5,Tx5,Lab 12,37,3.91,3.3,2.1,0.25,100.8060606
4,Tx4,Sala 2,37,4.37,4.14,1.4,0.5,131.4139394
5,Tx5,Lab 16b,37,6.39,4.01,4.97,0.25,102.973125
5,Tx5,Lab 18,37,10.31,10.05,2.31,0.5,130.3941935
5,Tx5,Lab 8,37,6.93,6.6,2.1,0.75,133.094
6,Tx6,Lab 11a,37,12.5,12.5,0,0.75,131.96
1,Tx1,Lab 5,37,4,4,0.01,0.25,94.04
6,Tx6,Lab 9,37,8.9,8.9,0,0.75,136.525
1,Tx1,Copa,37.5,6.59,6.3,1.94,0.5,116.6719697
1,Tx1,Lab 1,37.5,11.76,11.6,1.93,0.5,122.060303
1,Tx1,Lab 11a,37.5,9.04,8.9,1.6,0.75,130.4933333
1,Tx1,Lab 3,37.5,4.25,3.6,2.25,0.25,112.5
1,Tx1,Lab 4,37.5,3.5,2.7,2.22,0.25,114.2141905
1,Tx1,Lab 5,37.5,4,4,0.01,0.25,85.79
1,Tx1,Lab 7,37.5,4.83,4.35,2.1,0.25,106.71
1,Tx1,Lab 9,37.5,5.78,5.3,2.3,0.75,123.7933333
1,Tx1,Sala,37.5,11.57,2,11.4,0.75,108.5807527
2,Tx2,Lab 25,37.5,3.99,3.58,1.76,0.25,106.1421569
2,Tx2,Lab 26,37.5,5.21,4.27,2.98,0.25,110.5945098
2,Tx2,Lab 26a,37.5,8.43,7.55,3.74,0.75,128.1217204
2,Tx2,Lab 26a,37.5,8.43,7.55,3.74,0.75,130.7620833
2,Tx2,Lab 27,37.5,6.71,5.87,3.25,0.5,119.2730303
2,Tx2,Lobby,37.5,10.46,10.3,1.8,0.5,101.6673958
3,Tx3,Lab 11b,37.5,12.48,12.3,2.09,0.75,130.6333333
3,Tx3,Lab 13,37.5,9.68,9.3,2.69,0.5,116.5095495
3,Tx3,Lab 16a,37.5,2.57,0,2.57,0.25,97.36944444
3,Tx3,Lab 16b,37.5,7.36,6.9,2.57,0.5,123.0122523
3,Tx3,Lab 17,37.5,5.95,5.3,2.7,0.25,119.7520175
3,Tx3,Lab 19,37.5,5.14,4.5,2.48,0.5,119.7053922
3,Tx3,Lab 21,37.5,3.8,2.68,2.7,0.5,105.4082171
3,Tx3,Pasillo_Dep,37.5,11.03,10.8,2.25,0.5,130.4022523
1,Tx1,Lab 7,37.5,4.83,4.35,2.1,0.25,99.41555556
4,Tx4,Sala 1b,37.5,4.42,3.5,2.7,0.25,99.78333333
4,Tx4,Sala 2,37.5,4.37,4.14,1.4,0.25,90.419
4,Tx4,Sala 3,37.5,7.02,6.17,3.35,0.5,101.9484848
4,Tx4,Sala 30a,37.5,7.91,7.5,2.5,0.75,131.3448485
4,Tx4,Sala 30b,37.5,5.37,4.89,2.21,0.75,128.6617204
4,Tx4,Sala 35,37.5,7.69,7.55,1.45,0.25,100.9984946
5,Tx5,Lab 10,37.5,3.35,2.17,2.55,0.25,108.9670833
5,Tx5,Lab 11b,37.5,9.98,9.9,1.28,0.75,106.039697
5,Tx5,Lab 12,37.5,3.91,3.3,2.1,0.25,100.2195833
4,Tx4,Sala 2,37.5,4.37,4.14,1.4,0.5,121.6545455
5,Tx5,Lab 16b,37.5,6.39,4.01,4.97,0.25,104.0508333
5,Tx5,Lab 18,37.5,10.31,10.05,2.31,0.5,123.2088172
5,Tx5,Lab 8,37.5,6.93,6.6,2.1,0.75,131.5805128
6,Tx6,Lab 11a,37.5,12.5,12.5,0,0.75,131.0833333
1,Tx1,Lab 5,37.5,4,4,0.01,0.25,86.70333333
6,Tx6,Lab 9,37.5,8.9,8.9,0,0.75,133.11
1,Tx1,Copa,38,6.59,6.3,1.94,0.5,118.841982
1,Tx1,Lab 1,38,11.76,11.6,1.93,0.5,134.2980556
1,Tx1,Lab 11a,38,9.04,8.9,1.6,0.75,133.8933333
1,Tx1,Lab 3,38,4.25,3.6,2.25,0.25,122.8436458
1,Tx1,Lab 4,38,3.5,2.7,2.22,0.25,117.8033333
1,Tx1,Lab 5,38,4,4,0.01,0.25,88.63
1,Tx1,Lab 7,38,4.83,4.35,2.1,0.25,111.36
1,Tx1,Lab 9,38,5.78,5.3,2.3,0.75,126.8733333
1,Tx1,Sala,38,11.57,2,11.4,0.75,112.6612121
2,Tx2,Lab 25,38,3.99,3.58,1.76,0.25,103.2542708
2,Tx2,Lab 26,38,5.21,4.27,2.98,0.25,103.6159048
2,Tx2,Lab 26a,38,8.43,7.55,3.74,0.75,133.1778788
2,Tx2,Lab 26a,38,8.43,7.55,3.74,0.75,135.5011905
2,Tx2,Lab 27,38,6.71,5.87,3.25,0.5,116.0927619
2,Tx2,Lobby,38,10.46,10.3,1.8,0.5,103.4877083
3,Tx3,Lab 11b,38,12.48,12.3,2.09,0.75,133.7933333
3,Tx3,Lab 13,38,9.68,9.3,2.69,0.5,118.8971569
3,Tx3,Lab 16a,38,2.57,0,2.57,0.25,103.8008333
3,Tx3,Lab 16b,38,7.36,6.9,2.57,0.5,118.2921905
3,Tx3,Lab 17,38,5.95,5.3,2.7,0.25,113.6691398
3,Tx3,Lab 19,38,5.14,4.5,2.48,0.5,112.3755333
3,Tx3,Lab 21,38,3.8,2.68,2.7,0.5,112.9588172
3,Tx3,Pasillo_Dep,38,11.03,10.8,2.25,0.5,126.8833333
1,Tx1,Lab 7,38,4.83,4.35,2.1,0.25,103.1324242
4,Tx4,Sala 1b,38,4.42,3.5,2.7,0.25,103.2083333
4,Tx4,Sala 2,38,4.37,4.14,1.4,0.25,93.79833333
4,Tx4,Sala 3,38,7.02,6.17,3.35,0.5,100.4057576
4,Tx4,Sala 30a,38,7.91,7.5,2.5,0.75,135.5506863
4,Tx4,Sala 30b,38,5.37,4.89,2.21,0.75,132.2149462
4,Tx4,Sala 35,38,7.69,7.55,1.45,0.25,102.6942708
5,Tx5,Lab 10,38,3.35,2.17,2.55,0.25,111.4645098
5,Tx5,Lab 11b,38,9.98,9.9,1.28,0.75,108.4533333
5,Tx5,Lab 12,38,3.91,3.3,2.1,0.25,104.3848958
4,Tx4,Sala 2,38,4.37,4.14,1.4,0.5,131.3645455
5,Tx5,Lab 16b,38,6.39,4.01,4.97,0.25,108.5053333
5,Tx5,Lab 18,38,10.31,10.05,2.31,0.5,131.5790909
5,Tx5,Lab 8,38,6.93,6.6,2.1,0.75,135.0298039
6,Tx6,Lab 11a,38,12.5,12.5,0,0.75,134.2433333
1,Tx1,Lab 5,38,4,4,0.01,0.25,90.52
6,Tx6,Lab 9,38,8.9,8.9,0,0.75,136.2066667
1,Tx1,Copa,38.5,6.59,6.3,1.94,0.5,121.2766667
1,Tx1,Lab 1,38.5,11.76,11.6,1.93,0.5,131.1126016
1,Tx1,Lab 11a,38.5,9.04,8.9,1.6,0.75,133.1966667
1,Tx1,Lab 3,38.5,4.25,3.6,2.25,0.25,112.210098
1,Tx1,Lab 4,38.5,3.5,2.7,2.22,0.25,118.8495833
1,Tx1,Lab 5,38.5,4,4,0.01,0.25,88.57666667
1,Tx1,Lab 7,38.5,4.83,4.35,2.1,0.25,111.4233333
1,Tx1,Lab 9,38.5,5.78,5.3,2.3,0.75,119.35
1,Tx1,Sala,38.5,11.57,2,11.4,0.75,114.5658333
2,Tx2,Lab 25,38.5,3.99,3.58,1.76,0.25,104.5255208
2,Tx2,Lab 26,38.5,5.21,4.27,2.98,0.25,107.5890909
2,Tx2,Lab 26a,38.5,8.43,7.55,3.74,0.75,133.5352083
2,Tx2,Lab 26a,38.5,8.43,7.55,3.74,0.75,135.21
2,Tx2,Lab 27,38.5,6.71,5.87,3.25,0.5,115.9339583
2,Tx2,Lobby,38.5,10.46,10.3,1.8,0.5,105.5462745
3,Tx3,Lab 11b,38.5,12.48,12.3,2.09,0.75,133.1333333
3,Tx3,Lab 13,38.5,9.68,9.3,2.69,0.5,113.0823958
3,Tx3,Lab 16a,38.5,2.57,0,2.57,0.25,100.4161111
3,Tx3,Lab 16b,38.5,7.36,6.9,2.57,0.5,118.5447619
3,Tx3,Lab 17,38.5,5.95,5.3,2.7,0.25,113.1815152
3,Tx3,Lab 19,38.5,5.14,4.5,2.48,0.5,117.1018627
3,Tx3,Lab 21,38.5,3.8,2.68,2.7,0.5,109.110303
3,Tx3,Pasillo_Dep,38.5,11.03,10.8,2.25,0.5,122.4433333
1,Tx1,Lab 7,38.5,4.83,4.35,2.1,0.25,103.4439583
4,Tx4,Sala 1b,38.5,4.42,3.5,2.7,0.25,103.8355914
4,Tx4,Sala 2,38.5,4.37,4.14,1.4,0.25,93.93010753
4,Tx4,Sala 3,38.5,7.02,6.17,3.35,0.5,100.8844762
4,Tx4,Sala 30a,38.5,7.91,7.5,2.5,0.75,134.515619
4,Tx4,Sala 30b,38.5,5.37,4.89,2.21,0.75,134.38
4,Tx4,Sala 35,38.5,7.69,7.55,1.45,0.25,104.8839785
5,Tx5,Lab 10,38.5,3.35,2.17,2.55,0.25,114.2778495
5,Tx5,Lab 11b,38.5,9.98,9.9,1.28,0.75,108.5711458
5,Tx5,Lab 12,38.5,3.91,3.3,2.1,0.25,104.6055914
4,Tx4,Sala 2,38.5,4.37,4.14,1.4,0.5,135.1033333
5,Tx5,Lab 16b,38.5,6.39,4.01,4.97,0.25,121.1059048
5,Tx5,Lab 18,38.5,10.31,10.05,2.31,0.5,134.6048958
5,Tx5,Lab 8,38.5,6.93,6.6,2.1,0.75,134.8089216
6,Tx6,Lab 11a,38.5,12.5,12.5,0,0.75,133.5833333
1,Tx1,Lab 5,38.5,4,4,0.01,0.25,92.67
6,Tx6,Lab 9,38.5,8.9,8.9,0,0.75,136.5666667
1,Tx1,Copa,39,6.59,6.3,1.94,0.5,130.1857292
1,Tx1,Lab 1,39,11.76,11.6,1.93,0.5,128.140303
1,Tx1,Lab 11a,39,9.04,8.9,1.6,0.75,133.8933333
1,Tx1,Lab 3,39,4.25,3.6,2.25,0.25,106.4234409
1,Tx1,Lab 4,39,3.5,2.7,2.22,0.25,121.0384314
1,Tx1,Lab 5,39,4,4,0.01,0.25,89.64333333
1,Tx1,Lab 7,39,4.83,4.35,2.1,0.25,114.63
1,Tx1,Lab 9,39,5.78,5.3,2.3,0.75,122.3766667
1,Tx1,Sala,39,11.57,2,11.4,0.75,113.4854167
2,Tx2,Lab 25,39,3.99,3.58,1.76,0.25,109.4710417
2,Tx2,Lab 26,39,5.21,4.27,2.98,0.25,115.940303
2,Tx2,Lab 26a,39,8.43,7.55,3.74,0.75,133.5109091
2,Tx2,Lab 26a,39,8.43,7.55,3.74,0.75,136.2855556
2,Tx2,Lab 27,39,6.71,5.87,3.25,0.5,127.2221212
2,Tx2,Lobby,39,10.46,10.3,1.8,0.5,110.0541667
3,Tx3,Lab 11b,39,12.48,12.3,2.09,0.75,134.1266667
3,Tx3,Lab 13,39,9.68,9.3,2.69,0.5,115.2663542
3,Tx3,Lab 16a,39,2.57,0,2.57,0.25,96.21855856
3,Tx3,Lab 16b,39,7.36,6.9,2.57,0.5,120.9087255
3,Tx3,Lab 17,39,5.95,5.3,2.7,0.25,117.7646667
3,Tx3,Lab 19,39,5.14,4.5,2.48,0.5,115.8290909
3,Tx3,Lab 21,39,3.8,2.68,2.7,0.5,112.2660952
3,Tx3,Pasillo_Dep,39,11.03,10.8,2.25,0.5,129.2929524
1,Tx1,Lab 7,39,4.83,4.35,2.1,0.25,103.9993939
4,Tx4,Sala 1b,39,4.42,3.5,2.7,0.25,104.6115238
4,Tx4,Sala 2,39,4.37,4.14,1.4,0.25,93.09
4,Tx4,Sala 3,39,7.02,6.17,3.35,0.5,102.3097917
4,Tx4,Sala 30a,39,7.91,7.5,2.5,0.75,136.1132292
4,Tx4,Sala 30b,39,5.37,4.89,2.21,0.75,135.1302151
4,Tx4,Sala 35,39,7.69,7.55,1.45,0.25,111.667193
5,Tx5,Lab 10,39,3.35,2.17,2.55,0.25,112.3410784
5,Tx5,Lab 11b,39,9.98,9.9,1.28,0.75,107.9032292
5,Tx5,Lab 12,39,3.91,3.3,2.1,0.25,104.3073118
4,Tx4,Sala 2,39,4.37,4.14,1.4,0.5,134.342
5,Tx5,Lab 16b,39,6.39,4.01,4.97,0.25,129.0729167
5,Tx5,Lab 18,39,10.31,10.05,2.31,0.5,131.9455556
5,Tx5,Lab 8,39,6.93,6.6,2.1,0.75,135.8693137
6,Tx6,Lab 11a,39,12.5,12.5,0,0.75,134.5766667
1,Tx1,Lab 5,39,4,4,0.01,0.25,92.58
6,Tx6,Lab 9,39,8.9,8.9,0,0.75,136.9233333
1,Tx1,Copa,39.5,6.59,6.3,1.94,0.5,131.2288889
1,Tx1,Lab 1,39.5,11.76,11.6,1.93,0.5,132.6039583
1,Tx1,Lab 11a,39.5,9.04,8.9,1.6,0.75,133.3233333
1,Tx1,Lab 3,39.5,4.25,3.6,2.25,0.25,120.9149462
1,Tx1,Lab 4,39.5,3.5,2.7,2.22,0.25,119.0341667
1,Tx1,Lab 5,39.5,4,4,0.01,0.25,89.04666667
1,Tx1,Lab 7,39.5,4.83,4.35,2.1,0.25,112.9733333
1,Tx1,Lab 9,39.5,5.78,5.3,2.3,0.75,122.6633333
1,Tx1,Sala,39.5,11.57,2,11.4,0.75,112.1043011
2,Tx2,Lab 25,39.5,3.99,3.58,1.76,0.25,106.0373958
2,Tx2,Lab 26,39.5,5.21,4.27,2.98,0.25,104.3353922
2,Tx2,Lab 26a,39.5,8.43,7.55,3.74,0.75,134.0848485
2,Tx2,Lab 26a,39.5,8.43,7.55,3.74,0.75,135.578
2,Tx2,Lab 27,39.5,6.71,5.87,3.25,0.5,119.3893939
2,Tx2,Lobby,39.5,10.46,10.3,1.8,0.5,113.8990909
3,Tx3,Lab 11b,39.5,12.48,12.3,2.09,0.75,133.2633333
3,Tx3,Lab 13,39.5,9.68,9.3,2.69,0.5,114.6980208
3,Tx3,Lab 16a,39.5,2.57,0,2.57,0.25,99.12619048
3,Tx3,Lab 16b,39.5,7.36,6.9,2.57,0.5,119.2353922
3,Tx3,Lab 17,39.5,5.95,5.3,2.7,0.25,122.9447126
3,Tx3,Lab 19,39.5,5.14,4.5,2.48,0.5,119.8366667
3,Tx3,Lab 21,39.5,3.8,2.68,2.7,0.5,109.1950794
3,Tx3,Pasillo_Dep,39.5,11.03,10.8,2.25,0.5,124.8391228
1,Tx1,Lab 7,39.5,4.83,4.35,2.1,0.25,104.3658333
4,Tx4,Sala 1b,39.5,4.42,3.5,2.7,0.25,105.0052083
4,Tx4,Sala 2,39.5,4.37,4.14,1.4,0.25,92.50784946
4,Tx4,Sala 3,39.5,7.02,6.17,3.35,0.5,106.6802083
4,Tx4,Sala 30a,39.5,7.91,7.5,2.5,0.75,135.4127451
4,Tx4,Sala 30b,39.5,5.37,4.89,2.21,0.75,135.6503333
4,Tx4,Sala 35,39.5,7.69,7.55,1.45,0.25,102.780303
5,Tx5,Lab 10,39.5,3.35,2.17,2.55,0.25,112.6064762
5,Tx5,Lab 11b,39.5,9.98,9.9,1.28,0.75,111.9872727
5,Tx5,Lab 12,39.5,3.91,3.3,2.1,0.25,103.790303
4,Tx4,Sala 2,39.5,4.37,4.14,1.4,0.5,124.1733333
5,Tx5,Lab 16b,39.5,6.39,4.01,4.97,0.25,113.8136275
5,Tx5,Lab 18,39.5,10.31,10.05,2.31,0.5,131.5563636
5,Tx5,Lab 8,39.5,6.93,6.6,2.1,0.75,134.8890909
6,Tx6,Lab 11a,39.5,12.5,12.5,0,0.75,133.7133333
1,Tx1,Lab 5,39.5,4,4,0.01,0.25,92.79
6,Tx6,Lab 9,39.5,8.9,8.9,0,0.75,138.4033333
1,Tx1,Copa,40,6.59,6.3,1.94,0.5,121.8433333
1,Tx1,Lab 1,40,11.76,11.6,1.93,0.5,133.442029
1,Tx1,Lab 11a,40,9.04,8.9,1.6,0.75,132.3066667
1,Tx1,Lab 3,40,4.25,3.6,2.25,0.25,111.4239583
1,Tx1,Lab 4,40,3.5,2.7,2.22,0.25,121.3248333
1,Tx1,Lab 5,40,4,4,0.01,0.25,88.38666667
1,Tx1,Lab 7,40,4.83,4.35,2.1,0.25,112.52
1,Tx1,Lab 9,40,5.78,5.3,2.3,0.75,129.5333333
1,Tx1,Sala,40,11.57,2,11.4,0.75,110.3142424
2,Tx2,Lab 25,40,3.99,3.58,1.76,0.25,99.38583333
2,Tx2,Lab 26,40,5.21,4.27,2.98,0.25,110.1616667
2,Tx2,Lab 26a,40,8.43,7.55,3.74,0.75,129.3501905
2,Tx2,Lab 26a,40,8.43,7.55,3.74,0.75,133.376
2,Tx2,Lab 27,40,6.71,5.87,3.25,0.5,126.810098
2,Tx2,Lobby,40,10.46,10.3,1.8,0.5,114.5352083
3,Tx3,Lab 11b,40,12.48,12.3,2.09,0.75,131.9833333
3,Tx3,Lab 13,40,9.68,9.3,2.69,0.5,119.8618627
3,Tx3,Lab 16a,40,2.57,0,2.57,0.25,99.52280702
3,Tx3,Lab 16b,40,7.36,6.9,2.57,0.5,121.9341026
3,Tx3,Lab 17,40,5.95,5.3,2.7,0.25,119.3013978
3,Tx3,Lab 19,40,5.14,4.5,2.48,0.5,115.2171569
3,Tx3,Lab 21,40,3.8,2.68,2.7,0.5,108.2695098
3,Tx3,Pasillo_Dep,40,11.03,10.8,2.25,0.5,120.225
1,Tx1,Lab 7,40,4.83,4.35,2.1,0.25,102.8830392
4,Tx4,Sala 1b,40,4.42,3.5,2.7,0.25,102.9735833
4,Tx4,Sala 2,40,4.37,4.14,1.4,0.25,90.69208333
4,Tx4,Sala 3,40,7.02,6.17,3.35,0.5,104.4307527
4,Tx4,Sala 30a,40,7.91,7.5,2.5,0.75,132.9090476
4,Tx4,Sala 30b,40,5.37,4.89,2.21,0.75,132.5233333
4,Tx4,Sala 35,40,7.69,7.55,1.45,0.25,104.3633333
5,Tx5,Lab 10,40,3.35,2.17,2.55,0.25,108.4391667
5,Tx5,Lab 11b,40,9.98,9.9,1.28,0.75,109.6027083
5,Tx5,Lab 12,40,3.91,3.3,2.1,0.25,102.5026882
4,Tx4,Sala 2,40,4.37,4.14,1.4,0.5,125.9586275
5,Tx5,Lab 16b,40,6.39,4.01,4.97,0.25,107.6182051
5,Tx5,Lab 18,40,10.31,10.05,2.31,0.5,131.9680208
5,Tx5,Lab 8,40,6.93,6.6,2.1,0.75,133.3195578
6,Tx6,Lab 11a,40,12.5,12.5,0,0.75,132.4333333
1,Tx1,Lab 5,40,4,4,0.01,0.25,89.73
6,Tx6,Lab 9,40,8.9,8.9,0,0.75,134.2966667
