pl_target,pl_pred_gtb,pl_pred_ann,pl_pred_svr,pl_pred_rf
26.535277,45.00842057,31.73102268,83.77120158,43.44245763
26.082693,45.00842057,31.73102268,83.77120158,43.44245763
26.110136,45.00842057,31.73102268,83.77120158,43.44245763
26.250537,45.00842057,31.73102268,83.77120158,43.44245763
26.746696,45.00842057,31.73102268,83.77120158,43.44245763
26.984624,45.00842057,31.73102268,83.77120158,43.44245763
26.337411,45.00842057,31.73102268,83.77120158,43.44245763
26.591287,37.41927117,31.05777255,83.41503375,28.66996537
26.267527,37.41927117,31.05777255,83.41503375,28.66996537
26.578369,37.41927117,31.05777255,83.41503375,28.66996537
26.459959,37.41927117,31.05777255,83.41503375,28.66996537
26.795938,37.41927117,31.05777255,83.41503375,28.66996537
27.459834,37.41927117,31.05777255,83.41503375,28.66996537
29.228872,37.41927117,31.05777255,83.41503375,28.66996537
27.969628,37.41927117,31.05777255,83.41503375,28.66996537
30.417609,45.00842057,31.73102268,83.77120158,43.44245763
28.774246,45.00842057,31.73102268,83.77120158,43.44245763
32.772374,44.75757894,32.54328185,83.56511791,43.44245763
37.308596,37.11674362,36.75174842,82.90542286,28.66996537
35.221726,44.81909633,40.636173,83.46243123,43.44245763
28.028861,44.84943282,40.75348037,83.47786901,43.44245763
29.129845,44.84943282,40.75348037,83.47786901,43.44245763
28.182073,44.84943282,40.01260605,83.37451532,43.44245763
34.077002,44.84943282,40.01260605,83.37451532,43.44245763
34.814599,44.80991632,41.69875758,83.27583049,43.44245763
37.309096,44.80991632,42.32943102,82.92741892,43.44245763
36.03488,44.80991632,42.32943102,82.92741892,43.44245763
42.617974,44.80991632,42.32943102,82.92741892,43.44245763
45.466837,48.72202642,48.02185386,80.97107538,48.12013287
52.675232,48.03927398,47.02949859,81.68966091,48.12013287
54.597119,52.72719133,50.46001922,84.53984211,50.71415201
49.872117,51.54324362,51.23168136,86.20028325,50.71415201
51.680306,50.30182521,38.22460487,84.76970618,50.71415201
46.711113,48.38041322,30.77527595,90.5690151,50.71415201
48.485447,48.54195757,28.96744392,89.47107431,50.71415201
50.896763,48.39270897,37.02587846,91.83559237,50.71415201
49.987656,48.39270897,37.02587846,91.83559237,50.71415201
50.025235,48.39270897,25.51926397,84.65092857,50.71415201
48.527314,48.39270897,25.51926397,84.65092857,50.71415201
46.443928,48.54195757,18.52659242,82.0794166,50.71415201
45.478758,48.54195757,14.22875908,82.41914516,50.71415201
45.577492,48.39270897,25.05899842,89.35692034,50.71415201
46.669747,48.49599785,13.33884395,82.36698863,50.71415201
46.433171,48.49599785,13.33884395,82.36698863,50.71415201
45.116486,48.49599785,13.33884395,82.36698863,50.71415201
45.271273,48.49599785,13.33884395,82.36698863,50.71415201
44.133784,48.2960096,12.64397473,81.82477549,50.71415201
43.410187,48.49599785,26.58412883,93.91234395,50.71415201
43.402159,48.49599785,18.83062975,90.02174695,50.71415201
42.732281,48.2960096,5.235540907,78.26222861,50.71415201
44.43248,48.2960096,5.235540907,78.26222861,50.71415201
39.236027,48.2960096,15.45840771,90.22407824,50.71415201
41.296824,48.2960096,15.21293255,89.81071873,50.71415201
41.526316,48.16435301,21.13214275,93.37153415,50.71415201
38.522669,48.16435301,21.13214275,93.37153415,50.71415201
37.409916,48.16435301,22.52884712,95.62877841,50.71415201
39.142197,48.19350314,19.53436013,94.03798376,50.71415201
37.484988,48.19350314,19.61428244,95.3548486,50.71415201
38.8755,48.19350314,19.61428244,95.3548486,50.71415201
37.983525,48.19350314,21.20947605,97.4995808,50.71415201
38.943984,48.19350314,14.73905523,93.91874808,50.71415201
36.67878,48.12110105,17.82167576,97.12482931,50.71415201
37.75597,48.93581003,20.6917703,97.14621504,50.71415201
39.466937,38.86611932,16.09789151,96.2166661,31.26398451
38.362544,49.4489858,17.90443691,97.59318428,50.71415201
37.296328,46.90137505,13.95236308,96.0668561,50.71415201
39.314351,46.90137505,13.95236308,96.0668561,50.71415201
35.23054,36.53041846,15.97900491,97.04435772,31.26398451
34.712317,45.22829876,13.87831454,96.99205111,46.03647678
34.700034,47.77281345,13.72881825,96.65701107,50.71415201
33.561511,45.22829876,12.91717925,96.15924579,46.03647678
31.470715,45.27998467,11.934984,95.75807192,46.03647678
30.777674,45.22402374,12.11173964,95.40437387,46.03647678
31.311749,47.06693445,6.702849464,94.54937762,46.03647678
29.693964,47.06693445,6.702849464,94.54937762,46.03647678
28.003028,49.78809863,5.171800969,93.14871598,50.71415201
29.457324,49.78809863,5.640719268,92.83757499,50.71415201
28.861473,46.96586398,6.7062221,92.67683787,48.07446147
29.630749,51.04898077,11.351483,93.02705176,50.07500124
26.289325,51.01983064,14.22548507,92.32174578,50.07500124
26.786434,51.94115542,19.34189561,91.3627862,50.07500124
26.373822,51.94115542,19.34189561,91.3627862,50.07500124
25.447034,49.19857092,25.32172183,89.93780004,49.44208597
27.827773,51.73945863,28.15835883,89.72702549,49.44208597
27.318431,51.73945863,33.31875496,88.91658726,49.43341094
26.123644,37.70491387,33.62882397,86.46917565,28.66996537
27.541917,45.07179452,38.05937837,86.61461626,43.44245763
28.90174,37.48264512,35.71662823,84.74339664,28.66996537
27.095383,37.41927117,33.96009007,84.32018358,28.66996537
24.849774,37.41927117,32.53850374,85.33323991,28.66996537
26.300718,37.41927117,32.53850374,85.33323991,28.66996537
27.962062,37.41927117,31.83010969,84.00261433,28.66996537
27.539012,37.41927117,30.14415752,83.5973295,28.66996537
26.124941,37.62510187,29.66096104,83.39330561,28.66996537
28.380769,37.41927117,30.28688052,83.40888873,28.66996537
31.210757,37.41927117,31.05777255,83.41503375,28.66996537
28.898955,44.75757894,32.54328185,83.56511791,43.44245763
28.69619,44.75757894,32.54328185,83.56511791,43.44245763
32.196476,44.81909633,40.04528415,83.36111652,43.44245763
29.838753,44.84943282,40.75348037,83.47786901,43.44245763
31.777039,44.84943282,40.01260605,83.37451532,43.44245763
34.49524,44.80991632,41.69875758,83.27583049,43.44245763
43.50442,44.80991632,43.57262416,82.35117186,43.44245763
31.151873,44.80991632,43.57262416,82.35117186,43.44245763
38.966912,44.80991632,43.57262416,82.35117186,43.44245763
42.267098,44.80991632,43.57262416,82.35117186,43.44245763
48.539235,47.56281054,40.01197645,77.63870457,48.12013287
55.678235,48.64805214,45.56836966,81.43732729,48.12013287
50.898034,48.72202642,48.02185386,80.97107538,48.12013287
47.651204,48.79602143,48.58091954,81.61866249,48.12013287
52.173516,51.43120135,46.58979675,80.21234523,48.12013287
58.580533,52.72719133,50.46001922,84.53984211,50.71415201
51.473355,52.72719133,50.46001922,84.53984211,50.71415201
49.84665,51.54324362,51.23168136,86.20028325,50.71415201
47.457962,50.30182521,38.22460487,84.76970618,50.71415201
50.222813,48.40554496,35.79106859,86.05299523,50.71415201
48.013546,48.54195757,28.96744392,89.47107431,50.71415201
45.893963,48.41653853,25.32014606,84.07613902,50.71415201
45.068877,48.54195757,20.50430614,82.69040758,50.71415201
43.700074,48.54195757,14.22875908,82.41914516,50.71415201
45.511693,48.54195757,14.22875908,82.41914516,50.71415201
45.160412,48.54195757,9.222324579,77.54425752,50.71415201
43.300351,48.49599785,13.33884395,82.36698863,50.71415201
42.622843,48.49599785,26.58412883,93.91234395,50.71415201
42.899722,48.49599785,18.83062975,90.02174695,50.71415201
42.013632,48.2960096,11.90459479,84.81338686,50.71415201
42.158555,48.2960096,5.235540907,78.26222861,50.71415201
42.697089,48.19350314,5.864714875,78.27622126,50.71415201
40.780695,48.19350314,5.864714875,78.27622126,50.71415201
42.102902,48.16435301,25.80064653,96.366407,50.71415201
40.314179,48.2960096,15.21293255,89.81071873,50.71415201
37.703536,48.16435301,21.13214275,93.37153415,50.71415201
37.372687,48.16435301,22.52884712,95.62877841,50.71415201
36.56465,48.16435301,18.02222314,94.01291355,50.71415201
39.636948,48.19350314,21.52307763,97.04886777,50.71415201
38.725966,48.19350314,21.52307763,97.04886777,50.71415201
37.45629,48.19350314,15.94398935,93.64107372,50.71415201
37.15174,48.12110105,18.89341547,97.33264856,50.71415201
37.342108,48.19350314,17.71945576,96.15919075,50.71415201
38.062836,38.86611932,16.09789151,96.2166661,31.26398451
37.734978,49.4489858,17.90443691,97.59318428,50.71415201
37.484639,49.4489858,17.58337984,97.38975897,50.71415201
41.990286,49.4489858,17.58337984,97.38975897,50.71415201
35.50022,50.55771669,16.40445508,97.48309358,50.71415201
35.164948,37.63914935,15.96418736,96.99494838,31.26398451
33.088547,37.63914935,13.97200936,96.94216479,32.5522879
33.414166,47.77281345,14.23019021,96.97992726,50.71415201
33.137862,47.77281345,13.72881825,96.65701107,50.71415201
34.25249,45.22829876,12.68540713,96.00965138,46.03647678
32.515059,49.75027891,6.371708961,94.90328061,50.71415201
34.054883,49.75027891,6.371708961,94.90328061,50.71415201
31.644665,45.21808996,11.97075545,94.29534685,46.03647678
28.544039,49.78809863,5.640719268,92.83757499,50.71415201
24.718542,46.96586398,6.96264549,93.10115598,45.397326
25.623358,46.96586398,6.7062221,92.67683787,48.07446147
27.800014,51.00279456,10.89783997,93.26060993,50.07500124
27.310844,51.01983064,14.22548507,92.32174578,50.07500124
28.546637,51.94115542,21.7594846,91.08002403,50.07500124
26.967887,51.94115542,21.7594846,91.08002403,50.07500124
31.764134,51.73945863,28.15835883,89.72702549,49.44208597
26.12827,51.14114883,29.011939,89.03368025,49.43341094
27.882877,50.91888008,40.33612567,87.81528246,48.12013287
28.257405,45.07179452,38.05937837,86.61461626,43.44245763
26.569209,37.41927117,33.96009007,84.32018358,28.66996537
29.526812,37.41927117,31.83010969,84.00261433,28.66996537
27.298272,37.41927117,30.14415752,83.5973295,28.66996537
27.282031,37.41927117,30.14415752,83.5973295,28.66996537
27.981849,37.62510187,29.66096104,83.39330561,28.66996537
31.277495,37.62510187,30.30158452,83.41258585,28.66996537
29.458491,37.41927117,31.05777255,83.41503375,28.66996537
28.577741,44.75757894,32.54328185,83.56511791,43.44245763
30.319344,44.81909633,40.04528415,83.36111652,43.44245763
28.687313,44.84943282,40.75348037,83.47786901,43.44245763
29.139572,44.80991632,41.69875758,83.27583049,43.44245763
28.577294,44.80991632,41.69875758,83.27583049,43.44245763
40.552905,44.80991632,42.32943102,82.92741892,43.44245763
33.144396,44.80991632,43.57262416,82.35117186,43.44245763
41.792691,44.94128568,42.44593035,83.23888495,43.44245763
47.390011,47.56281054,40.01197645,77.63870457,48.12013287
50.643921,48.64805214,45.56836966,81.43732729,48.12013287
49.260933,48.72202642,48.02185386,80.97107538,48.12013287
53.025738,48.03927398,47.02949859,81.68966091,48.12013287
57.949055,52.59727148,45.01365579,77.11467774,50.71415201
54.340714,52.59727148,45.01365579,77.11467774,50.71415201
55.98103,52.83345579,49.45776008,83.28899214,50.71415201
47.147908,52.33807673,62.28171999,86.33696992,50.71415201
50.590111,48.48105055,39.42309233,90.46196499,50.71415201
49.313199,48.39270897,29.39676558,89.29554474,50.71415201
46.42619,48.39270897,37.02587846,91.83559237,50.71415201
45.848507,48.39270897,20.16756053,82.34532467,50.71415201
45.430146,48.39270897,20.16756053,82.34532467,50.71415201
45.633015,48.54195757,20.50430614,82.69040758,50.71415201
44.337065,48.54195757,14.22875908,82.41914516,50.71415201
43.729737,48.39270897,25.05899842,89.35692034,50.71415201
42.948977,48.54195757,20.31170348,86.77678507,50.71415201
41.666634,48.49599785,18.83062975,90.02174695,50.71415201
42.398919,48.49599785,16.7385054,87.6333686,50.71415201
38.486868,48.2960096,11.90459479,84.81338686,50.71415201
40.313361,48.2960096,11.90459479,84.81338686,50.71415201
38.050705,48.2960096,5.235540907,78.26222861,50.71415201
37.123415,48.2960096,15.21293255,89.81071873,50.71415201
37.732314,48.16435301,22.52884712,95.62877841,50.71415201
37.125748,48.16435301,18.02222314,94.01291355,50.71415201
37.939196,48.19350314,21.52307763,97.04886777,50.71415201
37.036112,48.19350314,15.94398935,93.64107372,50.71415201
36.696928,48.12110105,18.89341547,97.33264856,50.71415201
35.399977,48.12110105,18.89341547,97.33264856,50.71415201
36.091967,48.93581003,20.6917703,97.14621504,50.71415201
37.984053,38.86611932,16.09789151,96.2166661,31.26398451
35.938996,50.55771669,16.40445508,97.48309358,50.71415201
37.691262,46.90137505,13.95236308,96.0668561,50.71415201
35.005455,37.63914935,15.96418736,96.99494838,31.26398451
34.716052,37.63914935,15.96418736,96.99494838,31.26398451
33.363961,36.53041846,15.52211101,96.77209749,31.26398451
31.145831,47.77281345,14.23019021,96.97992726,50.71415201
30.035614,45.22829876,12.91717925,96.15924579,46.03647678
30.49565,45.27998467,11.934984,95.75807192,46.03647678
29.734353,47.06693445,6.702849464,94.54937762,46.03647678
27.75817,49.78809863,5.171800969,93.14871598,50.71415201
28.675344,46.96586398,6.96264549,93.10115598,45.397326
30.558457,46.96586398,6.96264549,93.10115598,45.397326
28.405244,46.96586398,6.7062221,92.67683787,48.07446147
26.12081,51.00279456,10.89783997,93.26060993,50.07500124
27.475162,51.01983064,12.70734224,92.64756327,50.07500124
25.658007,51.94115542,21.7594846,91.08002403,50.07500124
26.190695,49.19857092,25.32172183,89.93780004,49.44208597
28.845792,51.14114883,29.011939,89.03368025,49.43341094
27.885774,50.91888008,40.33612567,87.81528246,48.12013287
28.3547,50.91888008,40.33612567,87.81528246,48.12013287
29.970744,45.07179452,38.05937837,86.61461626,43.44245763
28.9839,37.48264512,35.71662823,84.74339664,28.66996537
28.072114,37.41927117,32.53850374,85.33323991,28.66996537
30.445128,37.41927117,31.83010969,84.00261433,28.66996537
26.726577,37.41927117,30.14415752,83.5973295,28.66996537
26.757281,37.62510187,30.11872309,83.55710145,28.66996537
27.913932,37.62510187,30.11872309,83.55710145,28.66996537
27.942117,37.62510187,29.66096104,83.39330561,28.66996537
28.111371,37.41927117,30.28688052,83.40888873,28.66996537
27.828883,45.00842057,31.73102268,83.77120158,43.44245763
27.354806,44.81909633,40.04528415,83.36111652,43.44245763
27.476761,44.81909633,40.636173,83.46243123,43.44245763
29.264641,44.84943282,40.01260605,83.37451532,43.44245763
31.847933,44.84943282,40.01260605,83.37451532,43.44245763
37.20937,44.80991632,42.32943102,82.92741892,43.44245763
39.216639,44.80991632,43.57262416,82.35117186,43.44245763
42.615969,51.44943798,45.15424563,81.69269221,48.12013287
45.083769,48.03408466,43.46955076,81.270865,48.12013287
55.830685,48.03408466,43.46955076,81.270865,48.12013287
49.532967,52.33807673,62.28171999,86.33696992,50.71415201
50.344513,48.48105055,39.42309233,90.46196499,50.71415201
49.8293,48.39270897,29.39676558,89.29554474,50.71415201
46.515812,48.41653853,25.32014606,84.07613902,50.71415201
46.722863,48.54195757,20.50430614,82.69040758,50.71415201
45.293112,48.54195757,14.22875908,82.41914516,50.71415201
45.392861,48.54195757,14.22875908,82.41914516,50.71415201
44.272198,48.39270897,25.05899842,89.35692034,50.71415201
43.606856,48.49599785,13.33884395,82.36698863,50.71415201
42.828747,48.54195757,20.31170348,86.77678507,50.71415201
43.068934,48.49599785,18.83062975,90.02174695,50.71415201
43.491894,48.2960096,5.235540907,78.26222861,50.71415201
39.968779,48.2960096,15.45840771,90.22407824,50.71415201
41.429501,48.2960096,15.45840771,90.22407824,50.71415201
41.55308,48.16435301,25.80064653,96.366407,50.71415201
38.744219,48.2960096,15.21293255,89.81071873,50.71415201
37.603915,48.16435301,23.44748687,95.62741604,50.71415201
37.039912,48.16435301,18.02222314,94.01291355,50.71415201
36.491169,48.19350314,19.61428244,95.3548486,50.71415201
41.178301,48.19350314,21.20947605,97.4995808,50.71415201
37.923291,48.19350314,15.94398935,93.64107372,50.71415201
37.444201,48.19350314,15.94398935,93.64107372,50.71415201
36.848147,48.19350314,14.73905523,93.91874808,50.71415201
37.890807,48.19350314,17.71945576,96.15919075,50.71415201
37.813971,38.86611932,16.09789151,96.2166661,31.26398451
37.474621,49.4489858,17.58337984,97.38975897,50.71415201
34.901894,46.90137505,13.95236308,96.0668561,50.71415201
36.249798,46.90137505,13.95236308,96.0668561,50.71415201
36.565394,46.90137505,13.95236308,96.0668561,50.71415201
35.989315,36.53041846,15.97900491,97.04435772,31.26398451
32.495625,37.63914935,13.97200936,96.94216479,32.5522879
31.083134,45.22829876,13.87831454,96.99205111,46.03647678
30.283572,45.22829876,12.91717925,96.15924579,46.03647678
31.562382,45.27998467,11.934984,95.75807192,46.03647678
28.087529,49.75027891,6.371708961,94.90328061,50.71415201
28.70324,45.21808996,11.97075545,94.29534685,46.03647678
27.805767,49.78809863,5.640719268,92.83757499,50.71415201
29.839695,49.78809863,5.640719268,92.83757499,50.71415201
27.749751,46.96586398,6.7062221,92.67683787,48.07446147
27.192845,51.04898077,11.351483,93.02705176,50.07500124
26.736407,51.94115542,19.34189561,91.3627862,50.07500124
25.863483,49.19857092,25.32172183,89.93780004,49.44208597
27.72383,51.73945863,33.31875496,88.91658726,49.43341094
26.85774,51.73945863,33.31875496,88.91658726,49.43341094
30.371111,45.07179452,38.05937837,86.61461626,43.44245763
28.658473,45.07179452,38.05937837,86.61461626,43.44245763
27.498126,37.48264512,35.71662823,84.74339664,28.66996537
28.600335,37.41927117,32.53850374,85.33323991,28.66996537
28.329984,37.41927117,30.14415752,83.5973295,28.66996537
29.149069,37.41927117,30.14415752,83.5973295,28.66996537
31.251605,37.62510187,30.11872309,83.55710145,28.66996537
32.646208,37.62510187,30.11872309,83.55710145,28.66996537
34.078579,37.62510187,30.11872309,83.55710145,28.66996537
28.880633,37.62510187,29.66096104,83.39330561,28.66996537
30.32149,37.41927117,30.28688052,83.40888873,28.66996537
30.290249,37.62510187,30.30158452,83.41258585,28.66996537
30.575633,37.41927117,31.05777255,83.41503375,28.66996537
28.174816,44.75757894,32.54328185,83.56511791,43.44245763
29.601693,37.11674362,36.75174842,82.90542286,28.66996537
29.649868,37.11674362,36.75174842,82.90542286,28.66996537
27.613479,44.81909633,40.04528415,83.36111652,43.44245763
29.432283,44.81909633,40.04528415,83.36111652,43.44245763
27.929004,44.81909633,40.636173,83.46243123,43.44245763
27.883415,44.81909633,40.636173,83.46243123,43.44245763
26.717921,44.81909633,40.636173,83.46243123,43.44245763
26.083374,44.81909633,40.636173,83.46243123,43.44245763
25.604589,44.81909633,40.636173,83.46243123,43.44245763
26.740849,44.81909633,40.636173,83.46243123,43.44245763
29.460069,44.81909633,40.636173,83.46243123,43.44245763
31.123871,44.81909633,40.636173,83.46243123,43.44245763
28.73549,44.81909633,40.636173,83.46243123,43.44245763
28.850989,44.81909633,40.636173,83.46243123,43.44245763
28.306609,44.81909633,40.636173,83.46243123,43.44245763
28.031464,44.81909633,40.636173,83.46243123,43.44245763
27.785124,44.81909633,40.636173,83.46243123,43.44245763
28.505999,44.81909633,40.636173,83.46243123,43.44245763
27.31119,44.81909633,40.636173,83.46243123,43.44245763
31.156382,44.81909633,40.04528415,83.36111652,43.44245763
27.845059,44.81909633,40.04528415,83.36111652,43.44245763
27.749099,44.81909633,40.04528415,83.36111652,43.44245763
28.952961,44.81909633,40.636173,83.46243123,43.44245763
28.316345,44.81909633,40.636173,83.46243123,43.44245763
29.232387,44.81909633,40.636173,83.46243123,43.44245763
27.825134,44.81909633,40.636173,83.46243123,43.44245763
26.773018,44.81909633,40.636173,83.46243123,43.44245763
26.358341,44.81909633,40.636173,83.46243123,43.44245763
26.733804,44.81909633,40.636173,83.46243123,43.44245763
26.10118,44.81909633,40.636173,83.46243123,43.44245763
25.547386,44.81909633,40.636173,83.46243123,43.44245763
29.093355,44.81909633,40.636173,83.46243123,43.44245763
27.215992,44.81909633,40.636173,83.46243123,43.44245763
25.722647,44.81909633,40.636173,83.46243123,43.44245763
26.351284,44.81909633,40.636173,83.46243123,43.44245763
25.857621,44.81909633,40.636173,83.46243123,43.44245763
25.78194,44.81909633,40.636173,83.46243123,43.44245763
25.810091,44.81909633,40.636173,83.46243123,43.44245763
25.457711,44.81909633,40.04528415,83.36111652,43.44245763
25.560384,44.81909633,40.04528415,83.36111652,43.44245763
25.861686,44.81909633,40.04528415,83.36111652,43.44245763
26.043844,44.81909633,40.04528415,83.36111652,43.44245763
25.568229,44.81909633,40.04528415,83.36111652,43.44245763
26.201519,44.81909633,40.04528415,83.36111652,43.44245763
26.025861,44.81909633,40.04528415,83.36111652,43.44245763
26.505282,44.81909633,40.04528415,83.36111652,43.44245763
26.59953,44.81909633,40.04528415,83.36111652,43.44245763
69.558362,70.59982599,70.82355463,57.43907438,64.32076249
71.627729,70.59982599,70.82355463,57.43907438,64.32076249
70.357919,70.59982599,70.82355463,57.43907438,64.32076249
70.132344,70.59982599,70.82355463,57.43907438,64.32076249
70.765523,70.59982599,70.82355463,57.43907438,64.32076249
70.765523,70.59982599,70.82355463,57.43907438,64.32076249
68.680547,70.59982599,70.82355463,57.43907438,64.32076249
70.057206,70.59982599,70.82355463,57.43907438,64.32076249
69.649858,70.59982599,70.82355463,57.43907438,64.32076249
69.713163,70.59982599,71.55438648,57.53296111,64.32076249
69.800988,70.59982599,71.55438648,57.53296111,64.32076249
70.567624,71.25266714,66.250522,57.21464435,64.32076249
69.755479,71.25266714,66.31238207,57.3522523,64.32076249
68.507516,71.25266714,66.27474641,57.331094,64.32076249
76.23042,71.25266714,66.27485028,57.33023046,64.32076249
77.690377,71.25266714,66.27485028,57.33023046,64.32076249
70.656934,71.25266714,66.27474641,57.331094,64.32076249
70.370011,71.25266714,66.25535165,57.22002693,64.32076249
68.37613,71.23448754,68.53765694,56.42452101,64.32076249
73.796487,70.60022927,71.09987064,56.3790783,64.32076249
75.639859,70.60022927,71.5325673,56.5064788,64.32076249
77.061921,71.25477922,68.76248358,57.17158969,64.32076249
84.948377,71.18280163,71.4082643,60.63251242,64.32076249
81.491712,71.18280163,71.4082643,60.63251242,64.32076249
88.893888,69.3133438,61.11609209,64.4565454,64.32076249
89.667386,83.62540662,64.97976429,92.16751547,76.06051322
90.194005,80.26840372,73.89557116,92.51586428,64.32076249
88.95696,79.00162935,82.84970217,84.90282697,64.32076249
89.990735,73.51351563,63.74444351,81.05359955,64.32076249
89.711026,73.51351563,63.74444351,81.05359955,64.32076249
88.032605,73.43629149,46.5296768,75.4944201,64.32076249
88.657254,73.5855401,47.05562076,75.77403608,64.32076249
88.259076,73.5855401,38.96015246,74.99577455,64.32076249
89.169416,73.5855401,32.47919263,71.56628111,64.32076249
90.085736,65.55785068,37.54042306,75.04989281,64.32076249
88.179677,65.55785068,37.54042306,75.04989281,64.32076249
87.141843,65.72383346,36.70412643,74.69214163,64.32076249
88.288686,73.5855401,45.6939267,76.74928543,64.32076249
88.236608,65.55785068,42.3963062,78.76316304,64.32076249
85.286489,65.55785068,41.4986216,77.54183956,64.32076249
87.681325,65.72383346,35.54368602,75.88714777,64.32076249
86.254361,65.72383346,23.52867913,71.68253629,64.32076249
85.353788,65.72383346,23.52867913,71.68253629,64.32076249
85.166692,65.72383346,38.14714362,78.39266462,64.32076249
85.935315,65.72383346,36.14800027,78.08918275,64.32076249
85.293309,65.53261043,45.01897722,80.20091057,64.32076249
87.477224,65.53261043,39.85546766,79.58142861,64.32076249
86.790563,65.77236192,37.26654052,78.43248427,64.32076249
83.411569,67.3903684,40.03206413,78.43435572,64.32076249
87.071012,67.59160474,43.02962404,78.40262333,64.32076249
88.092496,67.59160474,43.02962404,78.40262333,64.32076249
86.98245,65.77236192,33.60543453,78.00520109,64.32076249
89.962682,67.3903684,37.23347734,77.42067599,64.32076249
85.82771,67.48980582,41.11886851,77.77492824,64.32076249
86.952817,65.87179934,34.1243518,78.07445155,64.32076249
88.154851,67.3903684,42.23402875,76.89337796,64.32076249
85.245679,67.48980582,39.77907123,76.47323045,64.32076249
86.288404,67.10306427,38.63539227,75.29465513,64.32076249
88.387807,67.10306427,38.63539227,75.29465513,64.32076249
88.724912,67.10306427,37.81905357,74.55123211,64.32076249
89.530744,67.11534308,39.92586177,74.15106417,64.32076249
89.195439,67.47353429,37.12171547,75.39739158,64.32076249
86.80541,67.53690824,36.96964058,75.08286455,64.32076249
89.810338,68.70906943,42.30527196,73.35767148,64.32076249
89.141202,67.95719414,39.97042563,74.70419418,64.32076249
85.211911,67.97423023,52.33115932,74.96043046,64.32076249
83.101998,70.22841757,63.91497987,79.39005988,64.32076249
85.225545,69.77950271,81.24451148,82.00121039,64.32076249
86.120679,69.83297647,71.46099516,82.6346502,64.32076249
82.530496,70.46723474,85.45585597,78.35507053,64.32076249
76.718038,70.40386079,77.59062626,74.50582176,64.32076249
81.982015,70.41940141,74.17771828,69.83167659,64.32076249
80.676835,70.57661143,84.8616559,71.67449767,64.32076249
74.960405,70.60694792,85.54280664,71.64550967,64.32076249
77.430131,70.60694792,84.13172803,70.55683179,64.32076249
76.066484,70.60694792,79.51984299,68.83232538,64.32076249
82.496369,70.55110556,78.3294175,68.71154838,64.32076249
81.977952,70.55110556,77.84567189,67.32713686,64.32076249
80.354497,70.55110556,77.84567189,67.32713686,64.32076249
89.160108,70.55110556,76.7138858,66.26129928,64.32076249
89.136998,70.43329355,72.44690038,69.59161228,64.32076249
90.041089,81.50935922,74.12648254,82.47625618,64.32076249
87.190824,82.60744991,91.64757893,105.8179269,76.06051322
90.648069,81.61410025,66.19104725,100.8486674,76.06051322
89.302663,83.62540662,64.97976429,92.16751547,76.06051322
89.286977,80.26840372,73.89557116,92.51586428,64.32076249
88.154103,79.00162935,82.84970217,84.90282697,64.32076249
89.08315,73.46350483,56.50046116,81.0281947,64.32076249
88.424863,73.46350483,56.50046116,81.0281947,64.32076249
89.528188,73.59991744,58.51640898,81.26490124,64.32076249
88.323056,73.43629149,51.3385007,76.97684454,64.32076249
87.499608,73.5855401,47.05562076,75.77403608,64.32076249
85.815114,65.6038104,45.32031522,75.12653924,64.32076249
88.862142,73.5855401,38.96015246,74.99577455,64.32076249
87.651845,73.5855401,32.47919263,71.56628111,64.32076249
87.758062,73.43629149,48.58854275,78.00811233,64.32076249
87.06796,65.55785068,37.54042306,75.04989281,64.32076249
88.526563,65.72383346,36.70412643,74.69214163,64.32076249
87.735883,65.55785068,48.17898531,79.39005603,64.32076249
83.07158,65.72383346,35.54368602,75.88714777,64.32076249
84.742238,65.33292367,21.80587472,71.70607626,64.32076249
85.514615,65.33292367,21.80587472,71.70607626,64.32076249
85.836042,65.72383346,38.14714362,78.39266462,64.32076249
83.81981,65.53261043,42.32369534,79.95311993,64.32076249
84.203416,65.53261043,44.18566305,79.99427718,64.32076249
86.393087,65.73384676,41.91108797,79.2935871,64.32076249
84.608869,65.77236192,37.26654052,78.43248427,64.32076249
85.769132,65.77236192,37.26654052,78.43248427,64.32076249
85.135869,67.3903684,40.03206413,78.43435572,64.32076249
89.065564,67.59160474,43.02962404,78.40262333,64.32076249
83.750924,65.77236192,33.85098988,78.02710201,64.32076249
83.750924,65.77236192,33.60543453,78.00520109,64.32076249
87.117917,67.3903684,37.23347734,77.42067599,64.32076249
88.339864,67.3903684,37.23347734,77.42067599,64.32076249
86.392087,67.48980582,41.11886851,77.77492824,64.32076249
86.9381,67.48980582,40.69425886,76.68101394,64.32076249
85.026967,67.48980582,38.67082535,75.59921764,64.32076249
85.405889,67.10306427,38.63539227,75.29465513,64.32076249
88.135381,67.10306427,38.52879528,74.91736271,64.32076249
87.455434,67.10306427,37.81905357,74.55123211,64.32076249
88.404645,67.15475019,39.49418269,74.19326117,64.32076249
88.140409,67.11534308,39.92586177,74.15106417,64.32076249
86.477941,67.47353429,37.12171547,75.39739158,64.32076249
84.752393,68.60963202,37.54490305,75.13353896,64.32076249
89.685857,68.70906943,42.30527196,73.35767148,64.32076249
87.954328,66.37622177,33.62132439,75.49513593,64.32076249
85.665372,67.95719414,39.94195645,74.43598987,64.32076249
84.413102,67.97423023,50.62701658,74.63557926,64.32076249
81.105584,69.77536879,57.01963544,76.05212965,64.32076249
80.668691,69.77536879,63.92204585,79.018291,64.32076249
80.50266,69.77950271,66.79612038,80.30979498,64.32076249
83.266732,69.83297647,71.46099516,82.6346502,64.32076249
84.983968,69.83297647,86.88890025,79.53794604,64.32076249
78.654863,69.76960252,79.71874615,75.0351269,64.32076249
80.212655,69.76960252,79.71874615,75.0351269,64.32076249
74.747659,69.76960252,72.38263505,70.74788116,64.32076249
78.425714,70.40386079,71.27382847,68.71702418,64.32076249
82.077863,70.40386079,73.44884857,69.52957428,64.32076249
82.014764,70.40386079,73.44884857,69.52957428,64.32076249
78.799607,70.40386079,73.44884857,69.52957428,64.32076249
78.265107,70.57661143,84.8616559,71.67449767,64.32076249
72.453546,70.57661143,85.93735485,72.0930326,64.32076249
76.145043,70.60694792,84.13172803,70.55683179,64.32076249
72.367936,70.60694792,79.51984299,68.83232538,64.32076249
74.82406,70.55110556,78.3294175,68.71154838,64.32076249
79.197133,70.55110556,77.84567189,67.32713686,64.32076249
80.952363,70.55110556,77.84567189,67.32713686,64.32076249
88.327916,70.55110556,77.84567189,67.32713686,64.32076249
87.624776,70.43329355,72.44690038,69.59161228,64.32076249
89.600377,70.43329355,72.44690038,69.59161228,64.32076249
90.412099,70.70504754,73.53459175,71.86838785,64.32076249
89.397634,81.50935922,74.12648254,82.47625618,64.32076249
88.648389,84.20288634,63.24186528,89.47895379,76.06051322
88.405049,84.20288634,63.24186528,89.47895379,76.06051322
90.168447,79.11943222,82.46978754,88.14021919,64.32076249
89.625722,73.54410886,73.41800871,81.91583448,64.32076249
89.716275,73.44912748,57.18744083,78.17337804,64.32076249
89.765256,73.59991744,58.51640898,81.26490124,64.32076249
87.674512,73.43629149,51.3385007,76.97684454,64.32076249
88.241468,73.5855401,47.05562076,75.77403608,64.32076249
85.967397,73.5855401,47.05562076,75.77403608,64.32076249
87.669835,65.6038104,45.32031522,75.12653924,64.32076249
86.791486,73.5855401,38.96015246,74.99577455,64.32076249
88.332891,73.43629149,48.58854275,78.00811233,64.32076249
88.160504,65.55785068,37.54042306,75.04989281,64.32076249
87.797612,73.5855401,45.6939267,76.74928543,64.32076249
85.97498,65.55785068,48.17898531,79.39005603,64.32076249
85.219884,65.55785068,41.4986216,77.54183956,64.32076249
85.641423,65.55785068,41.4986216,77.54183956,64.32076249
86.07652,65.72383346,35.54368602,75.88714777,64.32076249
83.834802,65.72383346,23.52867913,71.68253629,64.32076249
84.696973,65.33292367,21.80587472,71.70607626,64.32076249
84.872159,65.53261043,48.47722948,80.98645043,64.32076249
84.542112,65.53261043,42.32369534,79.95311993,64.32076249
85.495122,65.53261043,45.01897722,80.20091057,64.32076249
85.081624,65.53261043,45.01897722,80.20091057,64.32076249
85.561154,65.73384676,41.91108797,79.2935871,64.32076249
86.649579,65.77236192,37.26654052,78.43248427,64.32076249
85.841344,67.3903684,40.03206413,78.43435572,64.32076249
86.298444,67.59160474,43.02962404,78.40262333,64.32076249
85.318624,65.77236192,33.85098988,78.02710201,64.32076249
85.853841,65.77236192,33.60543453,78.00520109,64.32076249
85.808927,65.77236192,33.60543453,78.00520109,64.32076249
87.684659,67.59160474,41.78410174,78.06429143,64.32076249
89.49059,67.59160474,41.78410174,78.06429143,64.32076249
89.850225,65.87179934,34.1243518,78.07445155,64.32076249
88.912839,67.3903684,42.54942129,77.20714852,64.32076249
89.156201,67.48980582,40.69425886,76.68101394,64.32076249
87.782758,67.48980582,38.85091452,76.15686607,64.32076249
86.295537,67.48980582,38.85091452,76.15686607,64.32076249
85.753751,67.10306427,38.35277175,75.16286151,64.32076249
84.657415,67.10306427,38.52879528,74.91736271,64.32076249
86.035825,67.10306427,37.81905357,74.55123211,64.32076249
87.571698,67.10306427,38.84637152,74.51776973,64.32076249
87.592618,67.11534308,39.92586177,74.15106417,64.32076249
87.190129,67.47353429,37.12171547,75.39739158,64.32076249
89.346326,67.53690824,36.96964058,75.08286455,64.32076249
89.280606,68.60963202,37.54490305,75.13353896,64.32076249
89.241803,67.95719414,39.97042563,74.70419418,64.32076249
88.411664,67.95719414,49.28302463,74.39884856,64.32076249
85.614957,67.20082222,54.52804452,75.60249777,64.32076249
89.487752,67.20082222,54.52804452,75.60249777,64.32076249
82.548398,69.77536879,60.85790074,77.79820783,64.32076249
79.789399,69.77536879,63.92204585,79.018291,64.32076249
80.402932,69.77950271,66.79612038,80.30979498,64.32076249
82.612149,69.77950271,81.24451148,82.00121039,64.32076249
83.770875,69.83297647,90.50494668,81.67819141,64.32076249
82.960485,69.83297647,90.50494668,81.67819141,64.32076249
88.075002,69.83297647,90.50494668,81.67819141,64.32076249
84.260079,70.46723474,80.26283238,76.0172204,64.32076249
82.502931,69.76960252,79.71874615,75.0351269,64.32076249
80.224931,70.40386079,74.84600829,72.45370496,64.32076249
83.145677,69.76960252,72.38263505,70.74788116,64.32076249
81.412835,70.40386079,71.34518357,69.27209288,64.32076249
81.27353,70.40386079,71.34518357,69.27209288,64.32076249
77.423555,70.57661143,84.8616559,71.67449767,64.32076249
80.214078,70.60694792,82.67940614,70.31217303,64.32076249
82.295068,70.60694792,82.67940614,70.31217303,64.32076249
88.022374,70.60694792,79.51984299,68.83232538,64.32076249
83.278344,70.55110556,76.7138858,66.26129928,64.32076249
80.205323,70.40899035,72.21451463,63.24778619,64.32076249
83.191133,71.51104649,74.11649099,62.21506318,64.32076249
80.852357,71.51104649,74.11649099,62.21506318,64.32076249
86.240651,70.59982599,70.82355463,57.43907438,64.32076249
83.695207,70.59982599,70.82355463,57.43907438,64.32076249
88.128865,70.59982599,70.82355463,57.43907438,64.32076249
80.317357,70.59982599,70.82355463,57.43907438,64.32076249
79.162919,70.59982599,70.82355463,57.43907438,64.32076249
82.196054,70.59982599,70.82355463,57.43907438,64.32076249
81.847772,70.59982599,70.82355463,57.43907438,64.32076249
80.508027,70.59982599,70.82355463,57.43907438,64.32076249
80.545911,71.55700621,74.57392728,62.37974838,64.32076249
83.807767,71.55700621,74.57392728,62.37974838,64.32076249
84.020333,71.55700621,74.57392728,62.37974838,64.32076249
84.506036,71.55700621,74.57392728,62.37974838,64.32076249
83.81236,71.55700621,74.57392728,62.37974838,64.32076249
84.409597,71.55700621,74.57392728,62.37974838,64.32076249
61.976561,70.55467498,59.50817464,66.41860637,64.32076249
61.350344,70.55467498,59.50817464,66.41860637,64.32076249
61.227912,70.55467498,59.50817464,66.41860637,64.32076249
62.326491,70.55467498,59.50817464,66.41860637,64.32076249
62.003081,70.55467498,60.18990832,66.19439666,64.32076249
61.921927,70.55467498,60.18990832,66.19439666,64.32076249
62.2191,70.55467498,60.18990832,66.19439666,64.32076249
63.110381,71.2415497,56.5490136,66.64271206,64.32076249
62.298026,71.2415497,56.61389133,66.79588219,64.32076249
61.04991,71.2415497,56.58530185,66.78852014,64.32076249
68.604525,71.2415497,56.58524086,66.78788224,64.32076249
70.087592,71.2415497,56.58524086,66.78788224,64.32076249
63.186576,71.2415497,56.58530185,66.78852014,64.32076249
62.322539,71.2415497,56.55662687,66.64513863,64.32076249
60.518973,71.18933653,58.08244801,65.67242882,64.32076249
67.992366,70.55507825,59.89256122,65.44716022,64.32076249
68.921466,70.55507825,60.04482067,65.10698737,64.32076249
70.713042,71.20962821,58.03656963,65.42969858,64.32076249
77.234046,71.13765062,60.72762395,67.83156951,64.32076249
79.177611,83.62540662,57.71207453,86.61094683,76.06051322
81.018721,73.45583962,54.01510913,84.2211315,64.32076249
79.558722,73.51674664,46.0691767,82.97180674,64.32076249
79.357268,73.36749803,38.97485214,77.70344805,64.32076249
79.935698,73.51674664,39.5129206,78.01852462,64.32076249
80.051436,65.53501694,37.76113122,77.36635823,64.32076249
80.459502,73.51674664,31.99296413,77.39404096,64.32076249
80.172065,73.51674664,25.06410918,73.37770973,64.32076249
80.034651,65.48905722,30.95913457,77.42731311,64.32076249
79.683562,65.65504,30.39790992,76.99923413,64.32076249
80.333892,65.65504,30.39790992,76.99923413,64.32076249
80.000174,73.51674664,36.91244103,80.09949031,64.32076249
79.387366,65.48905722,35.73281848,82.57692993,64.32076249
79.380965,65.48905722,34.32731437,80.93902838,64.32076249
78.620063,65.65504,28.86542132,78.84847025,64.32076249
77.450583,65.65504,17.3138185,73.72691271,64.32076249
78.153212,65.65504,31.57737677,82.40717275,64.32076249
77.963805,65.65504,31.57737677,82.40717275,64.32076249
77.953017,65.65504,30.31391804,82.07047593,64.32076249
77.86193,65.46381697,38.13126068,85.45821825,64.32076249
78.493392,65.46381697,33.4915588,84.50809348,64.32076249
76.950309,65.70356846,31.01524713,84.17018433,64.32076249
79.206786,67.32157494,32.58856485,84.73350168,64.32076249
80.435706,67.52281128,33.8336718,84.8725435,64.32076249
79.259124,67.52281128,33.8336718,84.8725435,64.32076249
79.100127,65.70356846,27.71466364,83.40126181,64.32076249
78.55577,67.42101236,33.29564647,84.26523548,64.32076249
78.632186,65.80300588,29.0490432,83.49781805,64.32076249
79.024626,67.32157494,32.2270853,83.78663123,64.32076249
77.118994,67.42101236,31.36774032,83.33866257,64.32076249
78.11344,67.42101236,31.36774032,83.33866257,64.32076249
79.622008,67.04654962,30.17125033,81.17807016,64.32076249
78.986289,67.04654962,30.17125033,81.17807016,64.32076249
79.792029,67.40474084,25.79191046,81.8853158,64.32076249
79.355017,67.46811479,25.82364633,81.5501059,64.32076249
78.651206,68.64027598,31.35864207,80.24244029,64.32076249
78.905776,68.64027598,31.35864207,80.24244029,64.32076249
79.971877,67.89388361,26.73435494,80.77106502,64.32076249
75.35179,67.9109197,36.98935653,80.72812145,64.32076249
73.997565,69.71205827,44.11773511,82.16658376,64.32076249
77.790633,70.16510704,46.79345635,82.91439104,64.32076249
73.559966,69.71619218,62.50660356,84.0530434,64.32076249
78.210784,69.76966594,71.40799536,83.38404696,64.32076249
77.743277,70.40392421,67.71273022,80.6281937,64.32076249
75.703856,70.34055026,61.1065202,77.33912527,64.32076249
78.914778,70.34055026,58.89530753,75.83809938,64.32076249
77.74301,69.70629199,56.51566776,74.53597174,64.32076249
75.181388,70.34055026,56.81920319,73.12708798,64.32076249
74.191748,70.34055026,56.81920319,73.12708798,64.32076249
71.722964,70.34055026,58.63178381,73.79757719,64.32076249
73.556395,70.35609088,59.58123467,73.93510711,64.32076249
71.601386,70.57097692,70.32013306,75.09649131,64.32076249
69.578696,70.6013134,69.97785875,74.35174794,64.32076249
64.007529,70.5617969,67.6787642,73.08067125,64.32076249
66.157813,70.5617969,67.6787642,73.08067125,64.32076249
72.699851,70.50595454,67.07265885,72.8270504,64.32076249
78.304663,70.50595454,65.92761242,71.55290887,64.32076249
79.59973,70.38814254,58.99326837,71.15259653,64.32076249
80.328963,70.38814254,60.63294693,72.06084234,64.32076249
79.873763,80.2107277,63.42483941,89.57398697,64.32076249
80.681853,78.94943626,75.3161668,85.31271217,64.32076249
80.581023,73.39471137,48.80482922,84.25533378,64.32076249
79.053054,73.51674664,39.5129206,78.01852462,64.32076249
78.613593,65.53501694,37.76113122,77.36635823,64.32076249
80.076529,65.53501694,37.76113122,77.36635823,64.32076249
79.541083,73.51674664,31.99296413,77.39404096,64.32076249
80.419844,73.51674664,25.06410918,73.37770973,64.32076249
79.730132,73.36749803,40.49906808,81.83249036,64.32076249
78.795943,65.48905722,30.95913457,77.42731311,64.32076249
78.946067,65.65504,30.39790992,76.99923413,64.32076249
78.275969,65.48905722,39.93478342,84.34341532,64.32076249
78.163375,65.48905722,35.73281848,82.57692993,64.32076249
77.304579,65.65504,28.86542132,78.84847025,64.32076249
77.065482,65.26413021,16.93406938,73.75613882,64.32076249
78.45391,65.65504,31.57737677,82.40717275,64.32076249
78.274703,65.46381697,41.20263457,86.24413642,64.32076249
76.376425,65.46381697,36.38253689,84.52579321,64.32076249
77.367827,65.46381697,36.38253689,84.52579321,64.32076249
76.60311,65.46381697,37.23428466,85.31982665,64.32076249
76.286811,65.6650533,34.42654419,84.32001578,64.32076249
76.94332,65.70356846,31.01524713,84.17018433,64.32076249
76.050505,67.32157494,32.58856485,84.73350168,64.32076249
77.156188,67.52281128,33.8336718,84.8725435,64.32076249
77.77928,67.52281128,33.8336718,84.8725435,64.32076249
78.932677,65.70356846,28.3429984,83.32029221,64.32076249
78.179091,65.70356846,27.71466364,83.40126181,64.32076249
79.234343,67.52281128,31.96526626,84.5040766,64.32076249
79.550902,67.42101236,33.29564647,84.26523548,64.32076249
79.289885,67.42101236,32.08509538,84.38951363,64.32076249
79.499373,67.42101236,31.93531289,83.4623449,64.32076249
79.15084,67.42101236,31.93531289,83.4623449,64.32076249
77.468375,67.42101236,30.08131529,82.71006608,64.32076249
77.013655,67.03427082,30.08709062,82.52460082,64.32076249
80.137824,67.03427082,29.98418445,82.14777004,64.32076249
79.800116,67.03427082,29.22599711,81.7223789,64.32076249
80.367827,67.08595673,29.85336031,81.33544612,64.32076249
78.23281,67.04654962,30.17125033,81.17807016,64.32076249
77.927962,67.40474084,25.79191046,81.8853158,64.32076249
79.421706,68.54083856,25.73004564,81.55334356,64.32076249
79.860991,68.64027598,31.35864207,80.24244029,64.32076249
78.90457,66.31291124,21.66944294,81.25375738,64.32076249
78.700148,67.89388361,26.46986028,80.43388332,64.32076249
78.318053,67.9109197,35.55687849,80.64286156,64.32076249
74.493178,67.9109197,35.55687849,80.64286156,64.32076249
72.057753,69.71205827,40.65820302,80.96786089,64.32076249
74.831488,69.71205827,46.90288901,82.88750734,64.32076249
73.294745,69.71619218,49.61591739,83.34513351,64.32076249
78.95864,69.76966594,53.93450821,84.57645674,64.32076249
76.228865,69.76966594,68.64843804,81.53461784,64.32076249
72.803626,70.40392421,63.76255306,78.51716848,64.32076249
75.507567,69.70629199,62.19586188,78.05233919,64.32076249
69.871958,69.70629199,62.19586188,78.05233919,64.32076249
71.742194,69.70629199,62.19586188,78.05233919,64.32076249
69.865794,69.70629199,56.51566776,74.53597174,64.32076249
70.792922,70.34055026,56.81920319,73.12708798,64.32076249
75.98664,70.34055026,58.63178381,73.79757719,64.32076249
73.103003,70.57097692,70.32013306,75.09649131,64.32076249
70.21823,70.57097692,70.32013306,75.09649131,64.32076249
66.685225,70.6013134,69.97785875,74.35174794,64.32076249
65.018229,70.5617969,67.6787642,73.08067125,64.32076249
72.378211,70.50595454,67.07265885,72.8270504,64.32076249
73.6547,70.50595454,66.71734238,72.17379403,64.32076249
71.656325,70.50595454,66.71734238,72.17379403,64.32076249
79.162207,70.50595454,66.71734238,72.17379403,64.32076249
79.645583,70.38814254,58.99326837,71.15259653,64.32076249
79.950087,70.65989653,60.41637316,72.98981042,64.32076249
79.63021,84.20288634,52.98900644,84.96822022,76.06051322
80.207328,73.48643284,60.66489334,82.81134863,64.32076249
79.915168,73.38033403,49.7461155,80.76755074,64.32076249
79.347045,73.36749803,44.30673767,79.50691584,64.32076249
79.568183,73.51674664,39.5129206,78.01852462,64.32076249
79.629271,65.53501694,37.76113122,77.36635823,64.32076249
78.744986,73.51674664,31.99296413,77.39404096,64.32076249
78.797827,73.36749803,40.49906808,81.83249036,64.32076249
79.673453,73.36749803,40.49906808,81.83249036,64.32076249
79.440833,65.48905722,30.95913457,77.42731311,64.32076249
79.609328,73.51674664,36.91244103,80.09949031,64.32076249
77.69525,65.48905722,39.93478342,84.34341532,64.32076249
77.187789,65.48905722,34.32731437,80.93902838,64.32076249
76.272704,65.65504,28.86542132,78.84847025,64.32076249
77.707045,65.65504,17.3138185,73.72691271,64.32076249
75.226241,65.65504,17.3138185,73.72691271,64.32076249
76.458342,65.26413021,16.93406938,73.75613882,64.32076249
75.880492,65.46381697,41.20263457,86.24413642,64.32076249
76.944854,65.46381697,36.38253689,84.52579321,64.32076249
76.960234,65.46381697,38.13126068,85.45821825,64.32076249
75.904639,65.6650533,34.42654419,84.32001578,64.32076249
76.805602,65.70356846,31.01524713,84.17018433,64.32076249
79.417975,65.70356846,31.01524713,84.17018433,64.32076249
78.391501,67.32157494,32.58856485,84.73350168,64.32076249
77.358863,67.52281128,33.8336718,84.8725435,64.32076249
78.080306,65.70356846,28.3429984,83.32029221,64.32076249
77.901831,65.70356846,27.71466364,83.40126181,64.32076249
78.219161,67.52281128,31.96526626,84.5040766,64.32076249
79.029021,67.52281128,31.96526626,84.5040766,64.32076249
79.578551,67.52281128,31.96526626,84.5040766,64.32076249
79.990088,67.42101236,33.29564647,84.26523548,64.32076249
80.092353,65.80300588,29.0490432,83.49781805,64.32076249
79.855941,67.32157494,32.68904018,83.96577489,64.32076249
79.800727,67.42101236,31.93531289,83.4623449,64.32076249
78.711257,67.03427082,30.05643255,82.42957248,64.32076249
76.575164,67.03427082,30.05643255,82.42957248,64.32076249
75.532965,67.03427082,29.98418445,82.14777004,64.32076249
77.336776,67.03427082,29.22599711,81.7223789,64.32076249
78.648802,67.03427082,29.77332784,81.64535831,64.32076249
77.840934,67.04654962,30.17125033,81.17807016,64.32076249
79.579123,67.40474084,25.79191046,81.8853158,64.32076249
78.85871,67.46811479,25.82364633,81.5501059,64.32076249
78.951659,67.46811479,25.82364633,81.5501059,64.32076249
77.761519,68.54083856,25.73004564,81.55334356,64.32076249
79.646765,68.64027598,31.35864207,80.24244029,64.32076249
78.864165,67.89388361,26.73435494,80.77106502,64.32076249
79.857596,67.89388361,34.7367085,80.57236883,64.32076249
78.103072,67.13751169,38.81233504,81.04177418,64.32076249
73.696509,69.71205827,44.11773511,82.16658376,64.32076249
72.705107,69.71205827,46.90288901,82.88750734,64.32076249
71.945914,69.71619218,49.61591739,83.34513351,64.32076249
72.823073,69.71619218,62.50660356,84.0530434,64.32076249
78.471976,69.76966594,56.4142336,81.15521223,64.32076249
77.028075,69.76966594,71.40799536,83.38404696,64.32076249
70.411277,69.76966594,71.40799536,83.38404696,64.32076249
77.734702,69.76966594,71.40799536,83.38404696,64.32076249
77.046645,70.40392421,63.76255306,78.51716848,64.32076249
75.018889,69.70629199,62.19586188,78.05233919,64.32076249
74.809424,70.34055026,58.89530753,75.83809938,64.32076249
73.133918,69.70629199,56.51566776,74.53597174,64.32076249
74.937339,69.70629199,56.51566776,74.53597174,64.32076249
77.769591,70.34055026,56.12313106,73.48217803,64.32076249
74.709929,70.34055026,56.12313106,73.48217803,64.32076249
75.435874,70.34055026,56.12313106,73.48217803,64.32076249
78.907447,70.35609088,59.58123467,73.93510711,64.32076249
71.075034,70.57097692,70.32013306,75.09649131,64.32076249
77.788687,70.6013134,69.97785875,74.35174794,64.32076249
74.241271,70.6013134,69.97785875,74.35174794,64.32076249
72.273642,70.5617969,69.68555759,74.18166655,64.32076249
79.038375,70.5617969,67.6787642,73.08067125,64.32076249
76.945159,70.50595454,65.92761242,71.55290887,64.32076249
76.958861,70.36383933,62.47587893,69.23944007,64.32076249
76.286887,71.47701293,61.98794359,70.73929715,64.32076249
79.31494,71.47701293,61.98794359,70.73929715,64.32076249
71.513701,71.47701293,61.98794359,70.73929715,64.32076249
78.88098,71.52297264,62.57798193,70.87277848,64.32076249
77.447173,70.55467498,59.50817464,66.41860637,64.32076249
76.807021,70.55467498,59.50817464,66.41860637,64.32076249
76.456969,70.55467498,59.50817464,66.41860637,64.32076249
74.291274,70.55467498,59.50817464,66.41860637,64.32076249
71.908126,70.55467498,59.50817464,66.41860637,64.32076249
71.019747,70.55467498,59.50817464,66.41860637,64.32076249
72.326453,71.52297264,62.57798193,70.87277848,64.32076249
74.890921,71.52297264,62.57798193,70.87277848,64.32076249
77.308135,71.52297264,62.57798193,70.87277848,64.32076249
75.684577,71.52297264,62.57798193,70.87277848,64.32076249
75.463439,71.52297264,62.57798193,70.87277848,64.32076249
76.134131,71.52297264,62.57798193,70.87277848,64.32076249
75.376769,70.55467498,59.50817464,66.41860637,64.32076249
76.195571,70.55467498,59.50817464,66.41860637,64.32076249
